Date,Open,High,Low,Close,Volume,ret_1d,log_ret_1d,eq,cum_ret,ret_7d,ret_14d,ret_30d,log_ret_7d,log_ret_14d,log_ret_30d,roll_max,dd,vol_7d,vol_14d,vol_30d,up,down,MA7,MA25,MA99,RSI,MACD,MACD_signal,ADX,Volatility,returns
2025-04-03 04:00:00,134.788,135.8427,133.2205,134.9719,1946800,-0.0551,-0.0567,0.9449,-0.0551,-0.0452,-0.018,-0.0102,-0.0462,-0.0182,-0.0102,0.9449,0.0,0.0293,0.0228,0.0178,0,0,126.57858571428572,129.78319199999999,131.56715252525254,53.381812603797215,0.3036677777218131,0.1618806625364257,0.0,0.019485395785471846,
2025-04-04 04:00:00,135.1751,135.775,126.4085,127.531,1732000,-0.0551,-0.0567,0.9449,-0.0551,-0.0452,-0.018,-0.0102,-0.0462,-0.0182,-0.0102,0.9449,0.0,0.0293,0.0228,0.0178,0,1,126.57858571428572,129.78319199999999,131.56715252525254,53.381812603797215,0.3036677777218131,0.1618806625364257,0.0,0.019485395785471846,-0.05512925282966308
2025-04-07 04:00:00,125.3055,127.0181,122.0059,123.8057,2373000,-0.0292,-0.0296,0.9173,-0.0827,-0.0452,-0.018,-0.0102,-0.0462,-0.0182,-0.0102,0.9449,-0.0292,0.0293,0.0228,0.0178,0,1,126.57858571428572,129.78319199999999,131.56715252525254,53.381812603797215,0.3036677777218131,0.1618806625364257,0.0,0.019485395785471846,-0.029210936948663502
2025-04-08 04:00:00,126.1376,126.9601,121.6479,123.2638,1528100,-0.0044,-0.0044,0.9133,-0.0867,-0.0452,-0.018,-0.0102,-0.0462,-0.0182,-0.0102,0.9449,-0.0335,0.0293,0.0228,0.0178,0,1,126.57858571428572,129.78319199999999,131.56715252525254,53.381812603797215,0.3036677777218131,0.1618806625364257,0.0,0.019485395785471846,-0.004377019797957571
2025-04-09 04:00:00,122.0833,127.1052,119.6837,126.2828,1870200,0.0245,0.0242,0.9356,-0.0644,-0.0452,-0.018,-0.0102,-0.0462,-0.0182,-0.0102,0.9449,-0.0098,0.0293,0.0228,0.0178,1,0,126.57858571428572,129.78319199999999,131.56715252525254,53.381812603797215,0.3036677777218131,0.1618806625364257,0.0,0.019485395785471846,0.024492186676055683
2025-04-10 04:00:00,125.6248,126.6601,122.6058,124.5798,1848800,-0.0135,-0.0136,0.923,-0.077,-0.0452,-0.018,-0.0102,-0.0462,-0.0182,-0.0102,0.9449,-0.0231,0.0293,0.0228,0.0178,0,1,126.57858571428572,129.78319199999999,131.56715252525254,53.381812603797215,0.3036677777218131,0.1618806625364257,0.0,0.019485395785471846,-0.013485605323923622
2025-04-11 04:00:00,124.1347,125.6828,122.6445,125.6151,2031600,0.0083,0.0083,0.9307,-0.0693,-0.0452,-0.018,-0.0102,-0.0462,-0.0182,-0.0102,0.9449,-0.015,0.0293,0.0228,0.0178,1,0,126.57858571428572,129.78319199999999,131.56715252525254,53.381812603797215,0.3036677777218131,0.1618806625364257,0.0,0.019485395785471846,0.00831033602558362
2025-04-14 04:00:00,126.128,129.621,125.7312,128.876,1398600,0.026,0.0256,0.9548,-0.0452,-0.0452,-0.018,-0.0102,-0.0462,-0.0182,-0.0102,0.9548,0.0,0.0293,0.0228,0.0178,1,0,125.70774285714286,129.78319199999999,131.56715252525254,53.381812603797215,0.3036677777218131,0.1618806625364257,0.0,0.019485395785471846,0.025959458695650417
2025-04-15 04:00:00,128.876,129.921,128.2664,128.6147,1459900,-0.002,-0.002,0.9529,-0.0471,0.0085,-0.018,-0.0102,0.0085,-0.0182,-0.0102,0.9548,-0.002,0.0199,0.0228,0.0178,0,1,125.86255714285713,129.78319199999999,131.56715252525254,53.381812603797215,0.3036677777218131,0.1618806625364257,0.0,0.019485395785471846,-0.0020275303392408572
2025-04-16 04:00:00,129.7662,129.9016,127.2213,127.7439,781200,-0.0068,-0.0068,0.9464,-0.0536,0.0318,-0.018,-0.0102,0.0313,-0.0182,-0.0102,0.9548,-0.0088,0.0155,0.0228,0.0178,0,1,126.42515714285715,129.78319199999999,131.56715252525254,53.381812603797215,0.3036677777218131,0.1618806625364257,0.0,0.019485395785471846,-0.006770610202410765
2025-04-17 04:00:00,128.4115,130.9079,128.3922,129.2243,1389400,0.0116,0.0115,0.9574,-0.0426,0.0484,-0.018,-0.0102,0.0472,-0.0182,-0.0102,0.9574,0.0,0.0152,0.0228,0.0178,1,0,127.27665714285715,129.78319199999999,131.56715252525254,53.381812603797215,0.3036677777218131,0.1618806625364257,0.0,0.019485395785471846,0.011588811677113453
2025-04-21 04:00:00,128.5276,128.963,125.9731,127.5116,2357600,-0.0133,-0.0133,0.9447,-0.0553,0.0097,-0.018,-0.0102,0.0097,-0.0182,-0.0102,0.9574,-0.0133,0.0145,0.0228,0.0178,0,1,127.45220000000002,129.78319199999999,131.56715252525254,53.381812603797215,0.3036677777218131,0.1618806625364257,0.0,0.019485395785471846,-0.013253699188155776
2025-04-22 04:00:00,128.7792,132.0013,128.4889,131.4014,2345100,0.0305,0.03,0.9735,-0.0265,0.0548,-0.018,-0.0102,0.0533,-0.0182,-0.0102,0.9735,0.0,0.0164,0.0228,0.0178,1,0,128.42671428571427,129.78319199999999,131.56715252525254,53.381812603797215,0.3036677777218131,0.1618806625364257,0.0,0.019485395785471846,0.03050545989541331
2025-04-23 04:00:00,131.1208,132.3303,129.6984,131.7498,2383800,0.0027,0.0026,0.9761,-0.0239,0.0488,-0.018,-0.0102,0.0477,-0.0182,-0.0102,0.9761,0.0,0.0165,0.0228,0.0178,1,0,129.3031,129.78319199999999,131.56715252525254,53.381812603797215,0.3036677777218131,0.1618806625364257,0.0,0.019485395785471846,0.002651417717010718
2025-04-24 04:00:00,131.295,133.2882,130.5402,132.5432,1833000,0.006,0.006,0.982,-0.018,0.0285,-0.018,-0.0102,0.0281,-0.0182,-0.0102,0.982,0.0,0.0142,0.0228,0.0178,1,0,129.8269857142857,129.78319199999999,131.56715252525254,55.5387536591163,0.3036677777218131,0.1618806625364257,0.0,0.019485395785471846,0.006022020526786465
2025-04-25 04:00:00,132.2336,132.3593,129.9694,130.3951,1294700,-0.0162,-0.0163,0.9661,-0.0339,0.0138,0.0225,-0.0102,0.0137,0.0222,-0.0102,0.982,-0.0162,0.0161,0.0174,0.0178,0,1,130.0813285714286,129.78319199999999,131.56715252525254,48.93689414180193,0.3036677777218131,0.1618806625364257,0.0,0.019485395785471846,-0.016206791446109592
2025-04-28 04:00:00,130.4725,131.711,128.7502,131.295,1118300,0.0069,0.0069,0.9728,-0.0272,0.0278,0.0605,-0.0102,0.0274,0.0587,-0.0102,0.982,-0.0094,0.0157,0.015,0.0178,1,0,130.5886285714286,129.78319199999999,131.56715252525254,51.53594250169139,0.3036677777218131,0.1618806625364257,0.0,0.019485395785471846,0.006901332948860528
2025-04-29 04:00:00,130.7241,133.2882,130.3854,132.3303,1781000,0.0079,0.0079,0.9804,-0.0196,0.024,0.0736,-0.0102,0.0238,0.071,-0.0102,0.982,-0.0016,0.0155,0.0148,0.0178,1,0,131.03234285714285,129.78319199999999,131.56715252525254,54.41085870884692,0.3036677777218131,0.1618806625364257,0.0,0.019485395785471846,0.007885296469781755
2025-04-30 04:00:00,132.7658,133.027,129.6404,132.5625,2719100,0.0018,0.0018,0.9821,-0.0179,0.0396,0.0497,-0.0102,0.0388,0.0485,-0.0102,0.9821,0.0,0.0137,0.0137,0.0178,1,0,131.7539,129.78319199999999,131.56715252525254,55.054833838262155,0.3036677777218131,0.1618806625364257,0.0,0.019485395785471846,0.0017547001707092225
2025-05-01 04:00:00,133.5301,133.9172,130.8208,131.4401,1626600,-0.0085,-0.0085,0.9738,-0.0262,0.0003,0.0551,-0.0102,0.0003,0.0536,-0.0102,0.9821,-0.0085,0.009,0.0133,0.0178,0,1,131.75942857142857,129.78319199999999,131.56715252525254,51.28381959447033,0.3036677777218131,0.1618806625364257,0.0,0.019485395785471846,-0.008466949552098035
2025-05-02 04:00:00,131.6917,132.2529,130.6854,131.9433,709900,0.0038,0.0038,0.9776,-0.0224,0.0015,0.0504,-0.0102,0.0015,0.0491,-0.0102,0.9821,-0.0047,0.0091,0.0133,0.0178,1,0,131.7870714285714,129.78319199999999,131.56715252525254,52.84331340949985,0.3036677777218131,0.1618806625364257,0.0,0.019485395785471846,0.0038283598384358797
2025-05-05 04:00:00,132.0981,132.5335,130.6854,132.2626,1407400,0.0024,0.0024,0.9799,-0.0201,-0.0021,0.0263,-0.0102,-0.0021,0.0259,-0.0102,0.9821,-0.0023,0.0088,0.0116,0.0178,1,0,131.7469857142857,129.78319199999999,131.56715252525254,53.85279589847831,0.3036677777218131,0.1618806625364257,0.0,0.014733543764575266,0.002419978884869556
2025-05-06 04:00:00,132.311,133.8979,131.624,133.2012,1206100,0.0071,0.0071,0.9869,-0.0131,0.0215,0.0357,-0.0102,0.0213,0.035,-0.0102,0.9869,0.0,0.0056,0.0116,0.0178,1,0,132.14785714285713,129.78319199999999,131.56715252525254,56.78160115514857,0.3036677777218131,0.1618806625364257,0.0,0.012805800061623794,0.0070964883496922315
2025-05-07 04:00:00,132.9786,135.0106,132.9786,134.1204,1197600,0.0069,0.0069,0.9937,-0.0063,0.0215,0.0499,-0.0102,0.0213,0.0487,-0.0102,0.9937,0.0,0.0056,0.0113,0.0178,1,0,132.5514857142857,129.78319199999999,131.56715252525254,59.492976149450556,0.3036677777218131,0.1618806625364257,0.0,0.012677157246703707,0.006900838731182413
2025-05-08 04:00:00,133.5108,133.8688,131.0531,131.3143,1404400,-0.0209,-0.0211,0.9729,-0.0271,-0.0077,0.0162,-0.0102,-0.0077,0.016,-0.0102,0.9937,-0.0209,0.0102,0.0128,0.0178,0,1,132.40634285714285,129.78319199999999,131.56715252525254,49.320509412815724,0.3036677777218131,0.1618806625364257,0.0,0.01293564817616542,-0.020922245981968346
2025-05-09 04:00:00,131.6433,132.0787,130.5693,131.711,913000,0.003,0.003,0.9758,-0.0242,-0.0064,0.0329,-0.0102,-0.0064,0.0324,-0.0102,0.9937,-0.018,0.0103,0.0121,0.0178,1,0,132.2847,129.652756,131.56715252525254,50.60631627700824,0.3036677777218131,0.1618806625364257,0.0,0.01240917154253262,0.0030209961900571347
2025-05-12 04:00:00,130.6273,130.7434,127.5213,128.7889,1376600,-0.0222,-0.0224,0.9542,-0.0458,-0.0202,-0.0199,-0.0102,-0.0204,-0.0201,-0.0102,0.9937,-0.0398,0.0129,0.0108,0.0178,0,1,131.90595714285715,129.70307200000002,131.56715252525254,42.127637840631046,0.03875972947761852,0.1618806625364257,0.0,0.013527430951960712,-0.022185694437062975
2025-05-13 04:00:00,128.6824,129.592,127.6084,128.5373,1837800,-0.002,-0.002,0.9523,-0.0477,-0.0258,-0.0244,-0.0102,-0.0262,-0.0247,-0.0102,0.9937,-0.0416,0.0126,0.0108,0.0178,0,1,131.4193857142857,129.892336,131.56715252525254,41.483178225919325,-0.1893016727590009,0.1618806625364257,22.594223906251056,0.012230967756215242,-0.0019535845092242266
2025-05-14 04:00:00,128.4792,128.7985,125.4409,128.3922,2181300,-0.0011,-0.0011,0.9513,-0.0487,-0.0293,-0.0313,-0.0102,-0.0297,-0.0318,-0.0102,0.9937,-0.0427,0.0124,0.0105,0.0178,0,1,130.86647142857143,130.097472,131.56715252525254,41.0927552926391,-0.3773999033118116,0.1618806625364257,23.615689964840048,0.012225010585833855,-0.0011288552038979383
2025-05-15 04:00:00,129.3985,132.1755,128.8372,131.8852,2464400,0.0272,0.0268,0.9771,-0.0229,-0.0099,0.0114,-0.0102,-0.0099,0.0114,-0.0102,0.9937,-0.0167,0.0169,0.0123,0.0178,1,0,130.67847142857144,130.321568,131.56715252525254,52.64668116473649,-0.24182558362170425,0.1618806625364257,23.068758612528544,0.013528175134721376,0.027205702527100417
2025-05-16 04:00:00,131.5756,133.7333,131.4885,133.5979,1722400,0.013,0.0129,0.9898,-0.0102,-0.0039,0.0175,-0.0102,-0.0039,0.0174,-0.0102,0.9937,-0.0039,0.0176,0.0127,0.0178,1,0,130.60382857142858,130.682292,131.56715252525254,57.090735247496134,0.0037751008491397897,0.1618806625364257,21.976040470027932,0.013585518861178432,0.01298629414066177
2025-05-19 04:00:00,133.1625,134.2268,132.0787,134.0817,1101900,0.0036,0.0036,0.9934,-0.0066,0.0211,0.0132,0.0514,0.0209,0.0131,0.0501,0.9937,-0.0003,0.0151,0.0125,0.0145,1,0,130.99917142857143,131.020956,131.56715252525254,58.28176894140803,0.23474800063854673,0.1618806625364257,20.78029522155788,0.013120513482471844,0.0036213144068881764
2025-05-20 04:00:00,133.8204,134.7397,133.4624,133.9075,762900,-0.0013,-0.0013,0.9921,-0.0079,0.0167,0.0101,0.0816,0.0165,0.0101,0.0784,0.9937,-0.0016,0.0152,0.0126,0.0133,0,1,131.31295714285716,131.222216,131.56715252525254,57.6611525190218,0.3991381870759483,0.1618806625364257,19.47713126903759,0.01137059595669059,-0.0012992078710220012
2025-05-21 04:00:00,133.5785,133.7721,130.8596,131.7014,1459500,-0.0165,-0.0166,0.9758,-0.0242,0.0226,0.002,0.0685,0.0224,0.002,0.0662,0.9937,-0.018,0.0137,0.0132,0.0137,0,1,131.7290285714286,131.345684,131.56715252525254,50.34903125881938,0.34740014867705327,0.1618806625364257,19.123038957348143,0.012011224923012511,-0.016474805369378065
2025-05-22 04:00:00,130.8596,131.0531,129.0695,130.2596,2046300,-0.0109,-0.011,0.9651,-0.0349,0.0134,-0.0128,0.0315,0.0133,-0.0128,0.031,0.9937,-0.0288,0.0147,0.0135,0.0132,0,1,131.97507142857145,131.446312,131.56715252525254,46.22343441069332,0.18789028783828599,0.16708258759679775,19.30387225255554,0.012165549598975933,-0.010947491826206912
2025-05-23 04:00:00,131.4014,132.2626,129.6887,131.9046,1069000,0.0126,0.0125,0.9773,-0.0227,0.0274,-0.0027,0.0588,0.027,-0.0027,0.0571,0.9937,-0.0165,0.0151,0.0139,0.0131,1,0,132.47684285714288,131.553524,131.56715252525254,51.1423956502354,0.19200204600917914,0.17206647927927404,18.9742488386866,0.011950100682233747,0.012628627755650879
2025-05-27 04:00:00,133.0367,133.1625,131.7885,132.6786,746400,0.0059,0.0059,0.983,-0.017,0.006,-0.0039,0.0562,0.006,-0.0039,0.0547,0.9937,-0.0107,0.0113,0.0139,0.013,1,0,132.59018571428572,131.76020400000002,131.56715252525254,53.30658719948247,0.25477904120282346,0.18860899166398393,18.30882325092384,0.011923823071142826,0.005867877238549646
2025-05-28 04:00:00,132.3013,132.3013,129.9887,130.608,1055000,-0.0156,-0.0157,0.9677,-0.0323,-0.0224,-0.0262,0.0134,-0.0226,-0.0265,0.0133,0.9937,-0.0262,0.0114,0.0143,0.0126,0,1,132.16305714285713,131.728468,131.56715252525254,47.27372647777766,0.13588376346331188,0.17806394602384953,18.247968863939096,0.0123180719525645,-0.015606133920617049
2025-05-29 04:00:00,130.3564,131.8562,130.2209,131.8465,1022900,0.0095,0.0094,0.9768,-0.0232,-0.0167,0.0041,0.0251,-0.0168,0.004,0.0248,0.9937,-0.017,0.0121,0.0134,0.0127,1,0,131.84374285714284,131.732336,131.56715252525254,50.856297262972234,0.13998138046554232,0.1704474329121881,18.191461218881834,0.01251488202466061,0.009482573808648587
2025-05-30 04:00:00,131.5466,132.5819,131.353,132.2239,1520100,0.0029,0.0029,0.9796,-0.0204,-0.0126,0.0039,0.0351,-0.0127,0.0039,0.0345,0.9937,-0.0141,0.0123,0.0134,0.0126,1,0,131.60322857142856,131.719564,131.56715252525254,51.92818376229082,0.1717025176557172,0.17069844986089394,17.813458593255383,0.012376457844083786,0.0028624195560746912
2025-06-02 04:00:00,131.4982,132.2723,130.8305,131.5756,1073300,-0.0049,-0.0049,0.9748,-0.0252,-0.001,0.0216,0.0182,-0.001,0.0214,0.018,0.9937,-0.019,0.0106,0.0119,0.0125,0,1,131.58525714285716,131.766784,131.56715252525254,49.9141648529928,0.14288229730433955,0.16513521934958308,17.6441649371971,0.012402023136763888,-0.0049030470285627015
2025-06-03 04:00:00,132.04,132.1852,129.7371,131.1692,1097500,-0.0031,-0.0031,0.9718,-0.0282,0.007,0.0205,0.0287,0.007,0.0203,0.0283,0.9937,-0.022,0.0097,0.0119,0.0122,0,1,131.71519999999998,131.761752,131.56715252525254,48.64059819937511,0.08625469107687422,0.14935911369504132,17.859952760954673,0.012405067824926399,-0.003088718577000771
2025-06-04 04:00:00,131.1305,131.1305,128.963,128.9921,1159000,-0.0166,-0.0167,0.9557,-0.0443,-0.0221,0.0047,-0.0183,-0.0223,0.0047,-0.0185,0.9937,-0.0382,0.0101,0.0129,0.0113,0,1,131.29912857142855,131.628224,131.56715252525254,42.39941292260445,-0.1327664213928017,0.09293400667747272,18.315146864946275,0.012782967099898337,-0.016597646398697208
2025-06-05 04:00:00,128.9437,128.9437,127.8213,128.4018,1479900,-0.0046,-0.0046,0.9513,-0.0487,-0.0322,-0.0264,-0.0254,-0.0328,-0.0268,-0.0257,0.9937,-0.0426,0.0093,0.0103,0.0113,0,1,130.68815714285714,131.461796,131.56715252525254,40.8682095798144,-0.34994061012099564,0.004359083317779053,19.09859671379125,0.012641565862412735,-0.0045762492431705715
2025-06-06 04:00:00,128.9437,129.95,128.1212,129.5146,1419900,0.0087,0.0086,0.9596,-0.0404,-0.0084,-0.0306,-0.0228,-0.0084,-0.031,-0.0231,0.9937,-0.0343,0.0091,0.0099,0.0114,1,0,130.53195714285715,131.384776,131.56715252525254,44.9074085215486,-0.42733303023427993,-0.08197933939263274,19.276538413271556,0.01203998729036419,0.008666545173042772
2025-06-09 04:00:00,129.1759,130.3177,128.6824,129.5629,1077400,0.0004,0.0004,0.9599,-0.0401,-0.0173,-0.0337,-0.0064,-0.0175,-0.0343,-0.0064,0.9937,-0.034,0.0079,0.0098,0.011,1,0,130.20572857142855,131.28956,131.56715252525254,45.082755243889125,-0.4792452336822066,-0.16143251825054752,19.24304277916533,0.012012357623281405,0.0003729309282507476
2025-06-10 04:00:00,129.8242,130.8015,128.9243,130.5112,1250700,0.0073,0.0073,0.967,-0.033,-0.013,-0.0254,-0.006,-0.013,-0.0257,-0.006,0.9937,-0.0269,0.0085,0.0102,0.011,1,0,129.96105714285713,131.219504,131.56715252525254,48.545430047499714,-0.4388078405581268,-0.2169075827120634,18.945435535654905,0.011011793870567384,0.007319224870699692
2025-06-11 04:00:00,130.7434,130.8692,130.0468,130.5983,1290400,0.0007,0.0007,0.9676,-0.0324,-0.0074,-0.0084,-0.0131,-0.0075,-0.0084,-0.0132,0.9937,-0.0263,0.0084,0.0092,0.0109,1,0,129.82144285714284,131.115388,131.56715252525254,48.86435156498958,-0.3951773149987048,-0.2525615291693917,18.630368784761135,0.010993859110767367,0.0006673756735053882
2025-06-12 04:00:00,130.7241,131.624,130.5112,131.624,1038000,0.0079,0.0078,0.9752,-0.0248,0.0035,0.0105,-0.0071,0.0035,0.0104,-0.0071,0.9937,-0.0186,0.009,0.009,0.011,1,0,129.8864142857143,131.015532,131.56715252525254,52.59091347317302,-0.27466818739520704,-0.25698286081455474,17.899892820457477,0.011091686598527085,0.007853854146646633
2025-06-13 04:00:00,131.6239,131.8465,130.5015,130.8402,1182800,-0.006,-0.006,0.9694,-0.0306,0.0143,-0.0081,-0.0046,0.0142,-0.0081,-0.0046,0.9937,-0.0245,0.006,0.0085,0.0109,0,1,130.15042857142856,130.996568,131.56715252525254,49.61534353333518,-0.23964743856174664,-0.25351577636399314,17.09221537334142,0.009358835820883248,-0.005954841062420169
2025-06-16 04:00:00,131.2304,131.8059,128.9965,129.894,1532600,-0.0072,-0.0073,0.9624,-0.0376,0.0116,-0.021,-0.0155,0.0116,-0.0212,-0.0157,0.9937,-0.0315,0.0066,0.0084,0.011,0,1,130.3636,130.92388799999998,131.56715252525254,46.215860631461176,-0.2849588468710067,-0.2598043904653959,17.06617998990891,0.008923624760182176,-0.007231722360558912
2025-06-17 04:00:00,129.6696,130.011,127.9821,128.7332,2067100,-0.0089,-0.009,0.9538,-0.0462,-0.006,-0.0144,-0.0267,-0.0061,-0.0145,-0.027,0.9937,-0.0402,0.0068,0.0077,0.0111,0,1,130.25197142857144,130.92166,131.56715252525254,42.37956155814555,-0.40981127392956296,-0.2898057671582293,17.47627389743778,0.008995681630322553,-0.008936517468089322
2025-06-18 04:00:00,129.0453,129.455,127.8747,128.5673,1566000,-0.0013,-0.0013,0.9525,-0.0475,-0.0077,-0.0249,-0.0348,-0.0077,-0.0252,-0.0354,0.9937,-0.0414,0.0068,0.0071,0.011,0,1,130.10974285714286,130.92286000000001,131.56715252525254,41.8449502535335,-0.5161941011244267,-0.3350834339514688,17.902596557983493,0.008995724649284853,-0.0012887118474490533
2025-06-20 04:00:00,128.7624,130.0306,128.6064,129.0746,1615400,0.0039,0.0039,0.9563,-0.0437,-0.011,-0.0238,-0.0376,-0.0111,-0.0241,-0.0383,0.9937,-0.0376,0.0062,0.0072,0.0109,1,0,129.90451428571427,130.950156,131.56715252525254,44.164456703363115,-0.55319154008194,-0.37870505517756303,17.897420061484564,0.008405150849210235,0.0039457933704760695
2025-06-23 04:00:00,130.0208,131.1231,129.9915,130.7524,835000,0.013,0.0129,0.9687,-0.0313,0.0012,-0.0063,-0.0043,0.0012,-0.0063,-0.0043,0.9937,-0.0251,0.0083,0.0081,0.0106,1,0,129.92652857142858,130.904844,131.56715252525254,51.10974764128138,-0.44203236501923016,-0.3913705171458965,17.176705554380806,0.008612537995589352,0.012998684481687173
2025-06-24 04:00:00,129.894,130.8792,129.5233,129.9525,1346300,-0.0061,-0.0061,0.9628,-0.0372,-0.0127,-0.0093,-0.0134,-0.0128,-0.0093,-0.0134,0.9937,-0.0311,0.0078,0.0082,0.0106,0,1,129.68774285714287,130.759028,131.56715252525254,48.04159272575631,-0.4137141239869777,-0.39583923851411273,16.756223561034723,0.008201782710584811,-0.006117669733022191
2025-06-25 04:00:00,129.1136,129.4648,127.1432,127.6602,1156300,-0.0176,-0.0178,0.9458,-0.0542,-0.0243,-0.0103,-0.0088,-0.0246,-0.0104,-0.0088,0.9937,-0.0482,0.0099,0.0084,0.0103,0,1,129.23345714285713,130.502168,131.56715252525254,40.53235539731497,-0.5696743154974513,-0.43060625391078045,17.45159755107302,0.008866481874745074,-0.01763952213308695
2025-06-26 04:00:00,127.865,128.6551,127.3968,128.3332,1196300,0.0053,0.0053,0.9508,-0.0492,-0.012,-0.0005,-0.0016,-0.0121,-0.0005,-0.0016,0.9937,-0.0431,0.0102,0.0084,0.0103,1,0,129.01048571428572,130.279196,131.56715252525254,43.332870629774206,-0.6316867240541342,-0.4708223479394512,18.097301970394298,0.008382250965078906,0.0052718075014766
2025-06-27 04:00:00,128.3723,129.4843,128.0113,128.3918,1870400,0.0005,0.0005,0.9512,-0.0488,-0.0027,-0.0087,-0.0,-0.0027,-0.0087,-0.0,0.9937,-0.0427,0.0097,0.008,0.0103,1,0,128.9617142857143,130.14681199999998,131.56715252525254,43.5820098196911,-0.6683985914526147,-0.510337596642084,18.111817413697658,0.008032658579231975,0.0004566238510377296
2025-06-30 04:00:00,127.9821,129.3282,127.7284,129.2112,2277800,0.0064,0.0064,0.9573,-0.0427,0.005,-0.0027,-0.0203,0.005,-0.0027,-0.0205,0.9937,-0.0366,0.01,0.0083,0.0091,1,0,129.0537,130.104876,131.56715252525254,47.08525527641216,-0.6241791303949924,-0.5331059033926657,18.260911898763972,0.008166003107987149,0.006382027512660482
2025-07-01 04:00:00,129.6306,130.5671,128.4015,129.1819,2222700,-0.0002,-0.0002,0.9571,-0.0429,0.0008,-0.0102,-0.0331,0.0008,-0.0102,-0.0336,0.9937,-0.0368,0.0099,0.008,0.0087,0,1,129.06902857142856,129.995968,131.56715252525254,46.97293530082225,-0.5847584229521772,-0.5434364073045681,17.551320540123616,0.008118793901681694,-0.00022676052849890382
2025-07-02 04:00:00,128.7624,129.0648,126.6652,127.4748,2022600,-0.0132,-0.0133,0.9445,-0.0555,-0.0251,-0.0239,-0.0493,-0.0254,-0.0242,-0.0505,0.9937,-0.0495,0.0091,0.0086,0.0089,0,1,128.6008,129.787816,131.56715252525254,40.85759173772389,-0.6833882570302876,-0.571426777249712,17.741946439239133,0.008566753446991017,-0.013214699582526745
2025-07-03 04:00:00,127.5431,129.338,126.9286,128.7039,1384000,0.0096,0.0096,0.9536,-0.0464,-0.0096,-0.0222,-0.0389,-0.0097,-0.0224,-0.0396,0.9937,-0.0404,0.0103,0.0088,0.0092,1,0,128.42242857142855,129.71165200000002,131.56715252525254,46.28033900576742,-0.6548265799458477,-0.5881067377889392,17.73423777953681,0.008112792276478665,0.009641905694302011
2025-07-07 04:00:00,128.6356,129.0356,127.1822,127.9138,1292700,-0.0061,-0.0062,0.9477,-0.0523,0.002,-0.0224,-0.0288,0.002,-0.0226,-0.0292,0.9937,-0.0463,0.0079,0.0088,0.0088,0,1,128.45865714285713,129.55434400000001,131.56715252525254,43.518048817189694,-0.6880147066751761,-0.6080883315661866,17.72707973838465,0.008165720728101702,-0.006138897111897967
2025-07-08 04:00:00,127.1041,127.4748,125.9336,127.0651,1548700,-0.0066,-0.0067,0.9414,-0.0586,-0.0099,-0.0218,-0.0245,-0.0099,-0.022,-0.0248,0.9937,-0.0526,0.0079,0.0088,0.0086,0,1,128.2775,129.347992,131.56715252525254,40.707421959032196,-0.7738787409311954,-0.6412464134391884,18.322577654132342,0.00801069357822816,-0.006634936965362548
2025-07-09 04:00:00,127.2992,128.2942,126.2164,128.1967,2170100,0.0089,0.0089,0.9498,-0.0502,-0.0015,-0.0042,-0.0281,-0.0015,-0.0042,-0.0285,0.9937,-0.0442,0.0088,0.0089,0.0085,1,0,128.24962857142856,129.21283599999998,131.56715252525254,45.73943235624766,-0.7420619160214414,-0.6614095139556391,18.268144218179653,0.008305191677356667,0.008905671187446451
2025-07-10 04:00:00,127.4358,130.6451,127.4358,130.3817,1487000,0.017,0.0169,0.966,-0.034,0.0091,0.0141,-0.0173,0.009,0.014,-0.0175,0.9937,-0.0279,0.0109,0.01,0.009,1,0,128.41684285714285,129.18133600000002,131.56715252525254,53.87870943415255,-0.5343756638440595,-0.6360027439333231,17.157220629900202,0.009039149058564034,0.017044120480480318
2025-07-11 04:00:00,129.2502,131.2694,129.1429,130.5963,1156400,0.0016,0.0016,0.9676,-0.0324,0.0109,0.0118,-0.0001,0.0109,0.0117,-0.0001,0.9937,-0.0263,0.0108,0.01,0.0085,1,0,128.6189,129.245504,131.56715252525254,54.59903616700315,-0.3484496752282098,-0.5784921301923004,16.452286214703054,0.009045659364704346,0.0016459365079610766
2025-07-14 04:00:00,130.7231,132.518,130.1866,130.8597,1073200,0.002,0.002,0.9695,-0.0305,0.0266,0.0008,-0.0075,0.0262,0.0008,-0.0075,0.9937,-0.0243,0.0087,0.0094,0.0084,1,0,129.10245714285716,129.34382,131.56715252525254,55.51734656792943,-0.17779826334711402,-0.49835335682326315,16.406523018263666,0.008872729790524038,0.0020169024696716775
2025-07-15 04:00:00,130.1184,130.7134,129.4648,130.0793,1419800,-0.006,-0.006,0.9638,-0.0362,0.0107,0.001,-0.0162,0.0106,0.001,-0.0164,0.9937,-0.0301,0.0089,0.0094,0.0084,0,1,129.29894285714286,129.366408,131.56715252525254,52.1516230823447,-0.10432495474114489,-0.4195476764068395,15.916200214804222,0.008873027529531691,-0.005963638920156611
2025-07-16 04:00:00,129.6891,131.1621,129.299,130.9377,1267800,0.0066,0.0066,0.9701,-0.0299,0.0236,0.0257,-0.0048,0.0234,0.0254,-0.0049,0.9937,-0.0237,0.0084,0.008,0.0085,1,0,129.73092857142856,129.4214,131.56715252525254,55.357558724535885,0.02290484493295253,-0.33105717213888114,15.686880072363719,0.008839498400770642,0.0065990515016609574
2025-07-17 04:00:00,130.4988,131.8644,130.4988,131.4255,895900,0.0037,0.0037,0.9737,-0.0263,0.0343,0.0241,0.002,0.0337,0.0238,0.002,0.9937,-0.0201,0.0071,0.0079,0.0085,1,0,130.35384285714287,129.45797199999998,131.56715252525254,57.11596802012658,0.16123810855299325,-0.23259811600050628,15.82106255820688,0.008582489995889054,0.0037254358370431007
2025-07-18 04:00:00,131.7962,134.0202,131.7376,133.8934,1690900,0.0188,0.0186,0.992,-0.008,0.0444,0.0429,0.038,0.0435,0.042,0.0373,0.9937,-0.0017,0.0088,0.0091,0.0085,1,0,131.16765714285717,129.58977599999997,131.56715252525254,64.69306000803951,0.46465091499547384,-0.09314830980131025,16.860854560617394,0.009423875894816124,0.018777938832266194
2025-07-21 04:00:00,133.7178,135.3469,133.4642,134.508,1318800,0.0046,0.0046,0.9966,-0.0034,0.0316,0.041,0.0476,0.0312,0.0402,0.0465,0.9966,0.0,0.0074,0.0091,0.0085,1,0,131.75712857142858,129.705136,131.56715252525254,66.29044517388311,0.7461002543450377,0.07470140302795934,18.290804057015464,0.009431711781360036,0.0045902187859894195
2025-07-22 04:00:00,134.8396,136.3516,134.6543,136.1273,918500,0.012,0.012,1.0086,0.0086,0.0424,0.0538,0.0511,0.0415,0.0524,0.0498,1.0086,0.0,0.0078,0.0094,0.0086,1,0,132.54727142857143,129.91662,131.56715252525254,70.12548496852828,1.0872813577745148,0.27721739397727047,19.937701261175242,0.009375635370827645,0.012038689148600623
2025-07-23 04:00:00,136.1955,136.7711,134.3617,134.7811,1062300,-0.0099,-0.0099,0.9986,-0.0014,0.03,0.0573,0.0403,0.0295,0.0557,0.0395,1.0086,-0.0099,0.0098,0.0089,0.0088,0,1,133.10747142857142,130.112104,131.56715252525254,63.64309569127632,1.2348086455579903,0.46873564429341447,21.59617568965598,0.009584342527436543,-0.009889272761598789
2025-07-24 04:00:00,134.8884,135.9322,134.5275,135.6103,1082800,0.0062,0.0061,1.0047,0.0047,0.0425,0.0537,0.0391,0.0416,0.0523,0.0383,1.0086,-0.0038,0.0088,0.0088,0.0088,1,0,133.8976142857143,130.387188,131.56715252525254,65.74365361426119,1.402467818088553,0.6554820790524423,23.13618765895952,0.00844416148123031,0.006152197897182798
2025-07-25 04:00:00,135.7663,136.3419,135.3079,136.0102,1244300,0.0029,0.0029,1.0077,0.0077,0.0387,0.0633,0.0414,0.038,0.0614,0.0406,1.0086,-0.0009,0.0088,0.0083,0.0088,1,0,134.62225714285714,130.684904,131.56715252525254,66.7416417219695,1.549743035107241,0.834334270263402,24.70325238755452,0.008428083642595426,0.002948891050311042
2025-07-28 04:00:00,135.7566,135.7956,133.7374,133.9812,1628900,-0.0149,-0.015,0.9927,-0.0073,0.0194,0.0544,0.0179,0.0193,0.053,0.0178,1.0086,-0.0158,0.0118,0.0094,0.0092,0,1,134.98735714285712,130.881168,131.56715252525254,57.57639573123985,1.4856111620009926,0.9645896486109202,24.891016511200196,0.00932068880037438,-0.014917998797149057
2025-07-29 04:00:00,133.5423,135.0542,131.2987,133.7374,2818100,-0.0018,-0.0018,0.9909,-0.0091,-0.0012,0.0432,0.0221,-0.0012,0.0423,0.0219,1.0086,-0.0176,0.0095,0.0094,0.0091,0,1,134.96507142857143,131.00056800000002,131.56715252525254,56.57113556338355,1.3989869176926675,1.0514691024272698,23.521050055535312,0.009306223907405571,-0.0018196582804154149
2025-07-30 04:00:00,134.1276,135.3859,131.6401,132.0596,2005300,-0.0125,-0.0126,0.9784,-0.0216,-0.0182,0.0129,0.0167,-0.0184,0.0128,0.0165,1.0086,-0.0299,0.0102,0.0093,0.0094,0,1,134.6153,131.084852,131.56715252525254,50.08966835373342,1.1813344537167154,1.077442172685159,22.4123792663936,0.009837421005304927,-0.012545480920071905
2025-07-31 04:00:00,131.406,135.0152,131.406,135.0152,1757700,0.0224,0.0221,1.0003,0.0003,-0.0082,0.0338,0.0488,-0.0082,0.0333,0.0476,1.0086,-0.0082,0.013,0.011,0.01,1,0,134.45642857142857,131.379052,131.56715252525254,59.00098719310727,1.2331208770550006,1.1085779135591274,21.243189219496035,0.010310716337835913,0.022380803818881745
2025-08-01 04:00:00,135.5907,136.1663,134.2056,135.1128,1412000,0.0007,0.0007,1.001,0.001,0.0025,0.0325,0.0509,0.0025,0.032,0.0497,1.0086,-0.0075,0.0124,0.011,0.01,1,0,134.5038142857143,131.65023599999998,131.56715252525254,59.259668430267,1.2674273810715704,1.140347807061616,20.744806600212826,0.01019729900593721,0.0007228815718527404
2025-08-04 04:00:00,135.503,137.6588,135.503,137.3466,1401700,0.0165,0.0164,1.0176,0.0176,0.0128,0.0559,0.0641,0.0127,0.0544,0.0621,1.0176,0.0,0.0138,0.0113,0.0103,1,0,134.75185714285715,132.008428,131.56715252525254,64.74268892657534,1.4580569511008434,1.2038896358694615,20.948833004136173,0.010445653861276159,0.01653285254986936
2025-08-05 04:00:00,137.5124,138.0684,135.5517,136.137,870700,-0.0088,-0.0088,1.0086,0.0086,0.0009,0.0397,0.0412,0.0009,0.0389,0.0404,1.0176,-0.0088,0.0143,0.0118,0.0103,0,1,134.7699714285714,132.28545999999997,131.56715252525254,60.03123686534087,1.4943022615100574,1.2619721609975807,21.308427188103856,0.01056840183804863,-0.008806916225083117
2025-08-06 04:00:00,136.3711,137.1515,135.6883,135.7078,860300,-0.0032,-0.0032,1.0055,0.0055,0.0129,0.0326,0.0443,0.0128,0.0321,0.0433,1.0176,-0.0119,0.0129,0.0119,0.0102,0,1,135.01662857142858,132.54649600000002,131.56715252525254,58.40706477343394,1.4714323222408154,1.3038641932462276,21.642336073216708,0.01058813981397418,-0.00315270646481125
2025-08-07 04:00:00,135.8249,137.5319,135.7566,136.7711,1093600,0.0078,0.0078,1.0133,0.0133,0.0227,0.0215,0.0714,0.0224,0.0213,0.0689,1.0176,-0.0042,0.0129,0.011,0.0096,1,0,135.45001428571427,132.91834799999998,131.56715252525254,61.20724605401416,1.5215674715627472,1.3474048489095316,22.124168678354582,0.010131242226480023,0.007835216546138168
2025-08-08 04:00:00,137.2296,137.5222,136.1956,136.8199,1348600,0.0004,0.0004,1.0137,0.0137,0.036,0.0172,0.0661,0.0354,0.017,0.064,1.0176,-0.0038,0.0111,0.011,0.0096,1,0,136.13005714285714,133.242988,131.56715252525254,61.33590001889271,1.54740022420458,1.3874039239685414,22.571584668839755,0.010140680447593836,0.00035680052291753306
2025-08-11 04:00:00,137.3271,137.3271,135.8444,136.4882,1195900,-0.0024,-0.0024,1.0112,0.0112,0.0109,0.0027,0.0631,0.0109,0.0026,0.0612,1.0176,-0.0063,0.0083,0.0106,0.0097,0,1,136.3404857142857,133.585964,131.56715252525254,59.88218089116304,1.523544970870347,1.4146321333489027,22.67873507890723,0.010197498261892759,-0.002424354936672146
2025-08-12 04:00:00,136.7223,136.7808,134.9275,136.4589,1308900,-0.0002,-0.0002,1.011,0.011,0.01,0.0124,0.0561,0.0099,0.0124,0.0546,1.0176,-0.0065,0.0083,0.0102,0.0096,0,1,136.5327857142857,133.96171600000002,131.56715252525254,59.74747327883364,1.4851552997866122,1.4287367666364448,22.01288350448628,0.010036295740477577,-0.00021467057225466046
2025-08-13 04:00:00,136.7516,138.0294,136.2346,138.0197,967800,0.0114,0.0114,1.0226,0.0226,0.0049,0.0178,0.0684,0.0049,0.0176,0.0662,1.0226,0.0,0.0069,0.0105,0.0098,1,0,136.62894285714285,134.354636,131.56715252525254,64.3483301702031,1.562661337543915,1.4555216808179388,22.090287034412775,0.010198728652046183,0.011437876166376926
2025-08-14 04:00:00,137.5514,137.9904,136.2443,136.4979,1243400,-0.011,-0.0111,1.0113,0.0113,0.0027,0.0036,0.0708,0.0026,0.0036,0.0684,1.0226,-0.011,0.0074,0.011,0.0097,0,1,136.6805,134.59928399999998,131.56715252525254,57.45302510233038,1.4841801837920343,1.461253381412758,22.162161740773094,0.010643350898856818,-0.011025962235825859
2025-08-15 04:00:00,136.7126,136.7126,135.1518,135.5127,1296500,-0.0072,-0.0072,1.004,0.004,-0.0014,0.0114,0.0529,-0.0014,0.0114,0.0516,1.0226,-0.0182,0.0079,0.0103,0.0097,0,1,136.65262857142858,134.79594,131.56715252525254,53.45919038469118,1.327186913088525,1.4344400877479113,21.328609261171085,0.010050810364234478,-0.007217693459020236
2025-08-18 04:00:00,135.62,135.6786,134.03,134.03,980800,-0.0109,-0.011,0.993,-0.007,-0.02,0.0022,0.0478,-0.0202,0.0022,0.0467,1.0226,-0.0289,0.0079,0.0108,0.0099,0,1,136.26104285714285,134.922752,131.56715252525254,48.04605948178789,1.070783787459419,1.361708827690213,19.858401938163667,0.010326517917852026,-0.01094140991951309
2025-08-19 04:00:00,134.1763,136.4199,134.03,136.3028,726600,0.017,0.0168,1.0099,0.0099,-0.0038,0.0321,0.0727,-0.0038,0.0316,0.0702,1.0226,-0.0124,0.0109,0.011,0.0101,1,0,136.18717142857142,135.17169199999998,131.56715252525254,55.48667413402947,1.0390014663829277,1.2971673554287562,18.872386830270674,0.010683904064339979,0.01695739759755277
2025-08-20 04:00:00,136.8784,138.5659,136.4979,137.0442,965200,0.0054,0.0054,1.0154,0.0154,0.0041,0.015,0.069,0.0041,0.0149,0.0667,1.0226,-0.0071,0.0111,0.0094,0.0101,1,0,136.26659999999998,135.415952,131.56715252525254,57.61892515717527,1.0614033348685155,1.2500145513167082,19.123363542235946,0.01047598720758708,0.005439360013147265
2025-08-21 04:00:00,136.7321,137.4637,136.6052,136.7613,1069200,-0.0021,-0.0021,1.0133,0.0133,0.0022,0.0122,0.0489,0.0022,0.0121,0.0478,1.0226,-0.0091,0.0111,0.0095,0.0097,0,1,136.3098,135.62938400000002,131.56715252525254,56.50664834261182,1.0442913704641228,1.2088699151461912,19.3564133462037,0.01041950897608956,-0.002064297504016821
2025-08-22 04:00:00,137.4539,138.0392,134.7908,136.5077,1257200,-0.0019,-0.0019,1.0114,0.0114,-0.011,-0.0061,0.0453,-0.011,-0.0061,0.0443,1.0226,-0.011,0.01,0.0083,0.0097,0,1,136.0938,135.733956,131.56715252525254,55.47286550629334,0.9987536049568178,1.1668466531083166,18.299673483183927,0.010414817622788964,-0.0018543257485853504
2025-08-25 04:00:00,135.5908,135.9322,134.7421,135.025,988000,-0.0109,-0.0109,1.0004,0.0004,-0.0108,-0.0082,0.0318,-0.0108,-0.0082,0.0313,1.0226,-0.0217,0.01,0.0085,0.01,0,1,135.8833857142857,135.754636,131.56715252525254,49.74292857949873,0.8334159983062932,1.1001605221479118,17.287105576538643,0.010140094714210951,-0.0108616583533383
2025-08-26 04:00:00,135.0835,135.3761,134.2544,134.7128,1015600,-0.0023,-0.0023,0.9981,-0.0019,-0.0059,-0.0073,0.0356,-0.0059,-0.0074,0.035,1.0226,-0.024,0.0097,0.0085,0.0099,0,1,135.76911428571427,135.698056,131.56453535353535,48.60448917688229,0.669475525878596,1.0140235228940486,16.079464319874823,0.01014645873634928,-0.0023121644139975084
2025-08-27 04:00:00,134.6836,135.2688,134.4397,135.0152,700500,0.0022,0.0022,1.0003,0.0003,0.0074,-0.0128,0.0311,0.0073,-0.0129,0.0307,1.0226,-0.0218,0.0086,0.0082,0.0099,1,0,135.90985714285713,135.70742,131.64013333333332,49.80285969505946,0.5575258620007446,0.9227239907153878,14.958083152972705,0.009680650134224119,0.0022447755521375345
2025-08-28 04:00:00,134.8494,134.9762,133.0643,133.1521,889300,-0.0138,-0.0139,0.9865,-0.0135,-0.0231,-0.0268,0.0131,-0.0234,-0.0272,0.0131,1.0226,-0.0353,0.0068,0.0089,0.0102,0,1,135.45975714285714,135.60909199999998,131.7345414141414,43.130366491145026,0.31483907848388526,0.8011470082690872,14.798725220969905,0.008849565549524124,-0.013799187054494677
2025-08-29 04:00:00,133.2691,133.8837,133.0838,133.2984,951600,0.0011,0.0011,0.9876,-0.0124,-0.0273,-0.0234,-0.0044,-0.0277,-0.0236,-0.0045,1.0226,-0.0342,0.006,0.0089,0.0096,1,0,134.92464285714286,135.50062,131.835901010101,43.76747628038378,0.1327826061731514,0.6674741278499001,14.650749998395879,0.008853049441761171,0.001098743467057517
2025-09-02 04:00:00,132.6546,133.0838,131.8157,132.3229,900300,-0.0073,-0.0073,0.9804,-0.0196,-0.0325,-0.0303,-0.0162,-0.033,-0.0308,-0.0164,1.0226,-0.0413,0.0061,0.009,0.0097,0,1,134.2905857142857,135.434288,131.89691212121213,40.50873306379614,-0.08918508701816563,0.516142284876287,15.242818655908199,0.007981777634590487,-0.007318167359848138
2025-09-03 04:00:00,131.8449,132.557,131.4547,132.1669,868900,-0.0012,-0.0012,0.9792,-0.0208,-0.0318,-0.0424,-0.0291,-0.0323,-0.0433,-0.0295,1.0226,-0.0424,0.0062,0.0081,0.0094,0,1,133.67047142857143,135.371468,131.9735494949495,39.995876565792194,-0.274519489523982,0.3580099299962332,15.983226979479076,0.007811333662493572,-0.0011789342585448725
2025-09-04 04:00:00,133.1521,133.4935,132.0986,133.0643,1089800,0.0068,0.0068,0.9859,-0.0141,-0.0145,-0.0252,-0.0127,-0.0146,-0.0255,-0.0128,1.0226,-0.0359,0.0067,0.0082,0.0093,1,0,133.39037142857143,135.411656,132.04879393939393,44.359845771040206,-0.3450086141137092,0.21740622117424474,15.879239818610873,0.008011081452393416,0.006789899740404115
2025-09-05 04:00:00,133.6398,133.8349,132.518,133.2496,976000,0.0014,0.0014,0.9872,-0.0128,-0.0109,-0.0167,-0.0174,-0.0109,-0.0168,-0.0176,1.0226,-0.0346,0.0069,0.0081,0.0093,1,0,133.18134285714285,135.34103199999998,132.0929717171717,45.24536000570988,-0.3815216477482579,0.0976206473897442,15.508838465303393,0.00776486442502901,0.0013925598376123283
2025-09-08 04:00:00,132.7911,133.035,130.8304,131.4352,1035500,-0.0136,-0.0137,0.9738,-0.0262,-0.0265,-0.0194,-0.0336,-0.0269,-0.0195,-0.0342,1.0226,-0.0477,0.0079,0.0084,0.0095,0,1,132.66991428571427,135.193928,132.1214616161616,38.74336205803797,-0.5505193618750468,-0.032007354463214,16.12970996192164,0.008225326952238083,-0.013616551194149729
2025-09-09 04:00:00,131.0743,132.5375,131.0743,131.7962,634400,0.0027,0.0027,0.9765,-0.0235,-0.0102,-0.0331,-0.0163,-0.0102,-0.0336,-0.0164,1.0226,-0.0451,0.0069,0.0066,0.0092,1,0,132.4762142857143,134.971912,132.16239393939392,40.57320549605295,-0.6478535326367592,-0.15517659009792303,16.706233494495724,0.008291411433555822,0.0027466006062302206
2025-09-10 04:00:00,131.7864,132.7911,131.3084,132.3132,933000,0.0039,0.0039,0.9803,-0.0197,-0.0074,-0.0345,-0.0106,-0.0074,-0.0351,-0.0107,1.0226,-0.0413,0.0071,0.0065,0.0092,1,0,132.33547142857142,134.81896,132.19359494949495,43.190483720670066,-0.67548738685025,-0.25923874944838843,17.013733288691565,0.008381931360690768,0.003922723113412907
2025-09-11 04:00:00,132.3717,133.6105,132.0303,133.4057,869700,0.0083,0.0082,0.9884,-0.0116,0.0082,-0.0245,0.0102,0.0081,-0.0248,0.0101,1.0226,-0.0334,0.0073,0.0071,0.009,1,0,132.49015714285716,134.726876,132.25313131313132,48.365623776979874,-0.6022889833211877,-0.3278487962229483,16.590189581661775,0.008150333102391265,0.008256923723407805
2025-09-12 04:00:00,133.1228,133.9227,132.6448,133.4837,940300,0.0006,0.0006,0.989,-0.011,0.01,-0.0222,-0.0113,0.0099,-0.0224,-0.0114,1.0226,-0.0329,0.0072,0.0072,0.008,1,0,132.67827142857143,134.59538,132.27416464646464,48.724766033873166,-0.5318538924272502,-0.36864981546380876,15.938515463407674,0.00785685017581133,0.0005846826634843261
2025-09-15 04:00:00,133.5722,134.4375,133.4936,134.172,943200,0.0052,0.0051,0.9941,-0.0059,0.0083,-0.0063,-0.007,0.0083,-0.0063,-0.007,1.0226,-0.0279,0.007,0.0068,0.0081,1,0,132.8365142857143,134.489464,132.29863131313132,51.903875663302394,-0.4157015688787169,-0.3780601661467904,14.913763276890181,0.00783581333946465,0.005156434830619672
2025-09-16 04:00:00,133.5034,134.1229,131.7433,131.7433,998400,-0.0181,-0.0183,0.9761,-0.0239,-0.0113,-0.022,-0.0408,-0.0114,-0.0223,-0.0417,1.0226,-0.0455,0.0101,0.0083,0.0081,0,1,132.62132857142856,134.299668,132.29055151515152,42.00695955275844,-0.5137041465101504,-0.40518896221946243,15.134507796862462,0.00847685027355977,-0.018101392242792724
2025-09-17 04:00:00,132.5201,133.877,132.2448,132.8544,1130500,0.0084,0.0084,0.9843,-0.0157,0.0108,-0.016,-0.0241,0.0107,-0.0161,-0.0244,1.0226,-0.0374,0.0091,0.0087,0.0082,1,0,132.82407142857141,134.155488,132.31539292929293,46.987142255761206,-0.4959978566600114,-0.42335074110757226,15.339484851122437,0.007715835773370514,0.008433825477272894
2025-09-18 04:00:00,131.7629,133.8869,131.7629,132.8544,2156300,0.0,0.0,0.9843,-0.0157,0.008,-0.0022,-0.021,0.008,-0.0022,-0.0213,1.0226,-0.0374,0.0091,0.0079,0.0082,0,0,132.97524285714286,133.948876,132.33114444444445,46.9871422557612,-0.4764730101203156,-0.433975194910121,15.82594959423742,0.007561892356289613,0.0
2025-09-19 04:00:00,133.6214,134.1524,132.4513,133.4051,1712400,0.0041,0.0041,0.9884,-0.0116,0.0083,0.0008,-0.0246,0.0082,0.0008,-0.0249,1.0226,-0.0334,0.0091,0.008,0.008,1,0,133.13122857142858,133.825164,132.342001010101,49.48091114112475,-0.41181538949669516,-0.42954323382743587,16.02354737039501,0.007665305169594023,0.004145139340511195
2025-09-22 04:00:00,133.7197,134.3195,133.2674,133.8672,898900,0.0035,0.0035,0.9918,-0.0082,0.0035,0.0117,-0.0216,0.0035,0.0116,-0.0218,1.0226,-0.0301,0.0087,0.0077,0.0081,1,0,133.19715714285715,133.759344,132.3551797979798,51.54085920432426,-0.3196019785864621,-0.4075549827792411,16.043044626907097,0.007733843299510039,0.003463885563595337
2025-09-23 04:00:00,133.5427,135.6962,133.5034,135.6667,924300,0.0134,0.0134,1.0051,0.0051,0.0164,0.0265,-0.006,0.0162,0.0261,-0.006,1.0226,-0.017,0.01,0.0084,0.0085,1,0,133.50901428571427,133.824812,132.39787272727273,58.61737336596924,-0.10016295888658533,-0.34607657800071,14.950736695176023,0.007998959987571346,0.013442426524197026
2025-09-24 04:00:00,135.6962,136.6008,135.4897,136.4435,710200,0.0057,0.0057,1.0109,0.0109,0.0169,0.0254,-0.0001,0.0168,0.0251,-0.0001,1.0226,-0.0114,0.01,0.0083,0.0085,1,0,133.83351428571427,133.83044,132.4433292929293,61.248117010666206,0.13487060878580337,-0.24988714064340734,14.602685453417024,0.008064183212684761,0.005725797118968812
2025-09-25 04:00:00,137.0138,137.5054,134.8112,135.3618,963000,-0.0079,-0.008,1.0029,0.0029,0.0275,0.0159,-0.0193,0.0271,0.0157,-0.0194,1.0226,-0.0193,0.0067,0.0087,0.0084,0,1,134.35044285714284,133.76314399999998,132.47463434343433,55.91735388443941,0.23118727167687325,-0.15367225817935123,14.869806632443467,0.008277580840771548,-0.007927823604642281
2025-09-26 04:00:00,135.9715,137.122,135.942,136.9843,964100,0.012,0.0119,1.0149,0.0149,0.0311,0.0422,0.0036,0.0306,0.0414,0.0036,1.0226,-0.0075,0.0072,0.008,0.0084,1,0,134.94042857142858,133.772064,132.51284747474747,61.35106706699018,0.4334446312447824,-0.03624888029452451,15.117847727253734,0.007991979870020682,0.011986394979972115
2025-09-29 04:00:00,137.0826,138.9607,136.5516,138.5182,961300,0.0112,0.0111,1.0263,0.0263,0.0426,0.051,0.0222,0.0417,0.0497,0.0219,1.0263,0.0,0.0073,0.0083,0.0086,1,0,135.74954285714287,133.852484,132.5572696969697,65.66049930594343,0.7093312277011705,0.1128671413046145,16.38682025961013,0.008282363962883003,0.011197633597427092
2025-09-30 04:00:00,138.6363,139.4327,138.1544,139.0689,805900,0.004,0.004,1.0304,0.0304,0.0425,0.0511,0.0376,0.0416,0.0498,0.0369,1.0304,0.0,0.0073,0.0083,0.0083,1,0,136.55865714285713,134.01424,132.635598989899,67.07971638510756,0.9613286325863726,0.28255943956096613,17.790081833553273,0.007996923945363235,0.0039756508531010315
2025-10-01 04:00:00,138.9214,139.5901,137.7611,137.8201,902600,-0.009,-0.009,1.0211,0.0211,0.0295,0.0331,0.0111,0.0291,0.0326,0.0111,1.0304,-0.009,0.0093,0.0089,0.0079,0,1,137.12335714285715,134.138532,132.69730707070707,60.93008436704509,1.0481878115410268,0.4356851139569783,18.70054111714025,0.008368426595137859,-0.008979721562477394
2025-10-02 04:00:00,137.3186,137.3285,136.3255,136.9548,906500,-0.0063,-0.0063,1.0147,0.0147,0.0095,0.026,-0.0007,0.0095,0.0257,-0.0007,1.0304,-0.0152,0.009,0.0091,0.008,0,1,137.30737142857143,134.216116,132.7797909090909,57.028774487759826,1.0352679339523263,0.555601677956048,18.26810191226861,0.008494651419111215,-0.006278474620175056
2025-10-03 04:00:00,136.178,138.5871,136.178,137.6726,1722100,0.0052,0.0052,1.02,0.02,0.009,0.0261,0.0067,0.009,0.0258,0.0066,1.0304,-0.01,0.009,0.0091,0.008,1,0,137.48295714285715,134.396936,132.87206666666665,59.353761153769796,1.0706079964232629,0.658602941649491,18.581420841090296,0.008536143414978893,0.005241145253762403
2025-10-06 04:00:00,137.9479,140.0325,137.9479,139.3934,930200,0.0125,0.0124,1.0328,0.0328,0.0298,0.0581,0.0211,0.0293,0.0564,0.0209,1.0328,0.0,0.0088,0.0075,0.0083,1,0,138.05890000000002,134.640736,132.98318989898988,64.33559598311564,1.2233672134996425,0.7715557960195213,19.558029639600196,0.008059010373012898,0.012499219161983044
2025-10-07 04:00:00,139.9834,141.3895,139.1869,140.0325,1058300,0.0046,0.0046,1.0375,0.0375,0.0223,0.054,0.0371,0.022,0.0526,0.0364,1.0375,0.0,0.0081,0.0074,0.008,1,0,138.49435714285715,134.94912,133.06548585858587,66.00223824211301,1.3800911902575024,0.8932628748671175,21.00439365382281,0.008066752744708259,0.004584865567523133
2025-10-08 04:00:00,140.5439,140.5734,138.8231,139.2164,1182100,-0.0058,-0.0058,1.0314,0.0314,0.005,0.0479,0.0334,0.005,0.0468,0.0329,1.0375,-0.0058,0.0079,0.0078,0.0081,0,1,138.5941,135.2311,133.12223838383838,62.01680058797998,1.4220511015036266,0.9990205201944193,22.03601963402884,0.008303458067328545,-0.005827932801313995
2025-10-09 04:00:00,140.0424,140.0522,137.5448,137.7316,901300,-0.0107,-0.0107,1.0204,0.0204,-0.0096,0.0324,0.0201,-0.0097,0.0319,0.0199,1.0375,-0.0164,0.0088,0.0086,0.0084,0,1,138.40305714285714,135.41779200000002,133.15910606060604,55.455752465313566,1.3202743812377093,1.0632712924030774,21.972769242517156,0.008691409094837633,-0.010665410109728546
2025-10-10 04:00:00,138.4396,140.121,137.9184,138.1053,1016900,0.0027,0.0027,1.0232,0.0232,0.0021,0.0317,0.0372,0.0021,0.0312,0.0365,1.0375,-0.0138,0.0081,0.0086,0.0079,1,0,138.44379999999998,135.61202,133.20150808080808,56.69745372719895,1.255299749904168,1.1016769839032956,21.94828404560781,0.00869093131086281,0.0027132480854068497
2025-10-13 04:00:00,137.5743,138.6756,137.2793,137.7316,726900,-0.0027,-0.0027,1.0204,0.0204,0.0057,0.0152,0.0333,0.0057,0.0151,0.0327,1.0375,-0.0164,0.0078,0.0081,0.008,0,1,138.55477142857143,135.863876,133.26241919191918,55.04500462527123,1.1602774632479225,1.113397079772221,21.427366607410182,0.008706031866006455,-0.0027059062903451725
2025-10-14 04:00:00,137.8201,140.0915,137.8201,139.2852,1071400,0.0113,0.0112,1.032,0.032,0.0117,0.0208,0.0526,0.0116,0.0206,0.0513,1.0375,-0.0053,0.0086,0.0085,0.008,1,0,138.78514285714286,136.163436,133.35358686868688,60.23393615146697,1.1965411707024316,1.1300258979582631,21.677296644658096,0.007668856103169506,0.011279909621321638
2025-10-15 04:00:00,139.5802,140.7307,139.0689,140.0817,832900,0.0057,0.0057,1.0379,0.0379,0.0049,0.0349,0.0599,0.0049,0.0343,0.0582,1.0379,0.0,0.0075,0.0081,0.008,1,0,138.88347142857143,136.474176,133.43618383838384,62.616327981877106,1.274855572033431,1.1589918327732969,22.205781362004636,0.007587757222044845,0.005718482652859125
2025-10-16 04:00:00,140.3079,141.2027,138.9509,139.1377,784000,-0.0067,-0.0068,1.0309,0.0309,-0.0064,0.0157,0.0456,-0.0064,0.0156,0.0446,1.0379,-0.0067,0.0078,0.0079,0.0081,0,1,138.75564285714285,136.70345600000002,133.50142727272726,58.168391870041916,1.2463798970416917,1.1764694456269758,22.909822296543123,0.007857823748225582,-0.006738924499060328
2025-10-17 04:00:00,139.5704,139.8359,138.5379,139.5802,699600,0.0032,0.0032,1.0341,0.0341,0.0026,0.0077,0.0475,0.0026,0.0076,0.0464,1.0379,-0.0036,0.0076,0.0074,0.0081,1,0,138.80761428571427,136.947316,133.59205555555556,59.616499592654286,1.2451652810562166,1.190208612712824,23.203591359162775,0.00784913105557839,0.003180302678569502
2025-10-20 04:00:00,140.4259,141.3305,139.9736,140.9274,931200,0.0097,0.0096,1.0441,0.0441,0.0232,0.0134,0.0722,0.0229,0.0133,0.0697,1.0441,0.0,0.0064,0.0078,0.0077,1,0,139.26415714285713,137.217532,133.6837818181818,63.73285751504864,1.3374926869814772,1.2196654275665546,24.151268997568003,0.008017807202745584,0.00965179875082578
2025-10-21 04:00:00,141.2715,141.2715,139.5114,139.8949,838700,-0.0073,-0.0074,1.0365,0.0365,0.013,0.0151,0.0614,0.0129,0.0149,0.0596,1.0441,-0.0073,0.0076,0.0076,0.0079,0,1,139.5198142857143,137.543596,133.76126666666664,58.78708890367429,1.312222219407488,1.2381767859347415,24.62831340545701,0.007883959597424986,-0.007326467386753688
2025-10-22 04:00:00,139.9932,140.8683,139.0886,140.3079,797500,0.003,0.0029,1.0395,0.0395,0.0187,0.0245,0.0604,0.0185,0.0242,0.0587,1.0441,-0.0044,0.0073,0.0073,0.0079,1,0,139.88785714285714,137.841736,133.84947171717172,60.120205067578986,1.3104151896055214,1.2526244666688975,24.705634358167043,0.007831139289982181,0.002952216270929009
2025-10-23 04:00:00,141.0257,141.0257,138.9607,139.1771,647500,-0.0081,-0.0081,1.0312,0.0312,-0.0008,0.0109,0.0433,-0.0008,0.0109,0.0424,1.0441,-0.0124,0.0072,0.0077,0.008,0,1,139.87241428571429,138.094644,133.9303595959596,54.88527396896953,1.2038596512751667,1.2428715035901514,24.85938775708255,0.007839463307589114,-0.00805941789450193
2025-10-24 04:00:00,139.5409,140.0522,138.9116,139.4721,666600,0.0021,0.0021,1.0333,0.0333,-0.0044,0.0006,0.0449,-0.0044,0.0006,0.0439,1.0441,-0.0103,0.0068,0.0069,0.008,1,0,139.78532857142858,138.337324,134.03621818181816,55.96256593753918,1.1301895326257352,1.2203351093972683,24.955386957577453,0.007439787078673224,0.0021196015723852213
2025-10-27 04:00:00,140.0129,140.0129,138.0069,139.2656,934100,-0.0015,-0.0015,1.0318,0.0318,0.0009,-0.0055,0.038,0.0009,-0.0055,0.0373,1.0441,-0.0118,0.0063,0.0068,0.008,0,1,139.80360000000002,138.55326,134.14595353535353,54.97299435640567,1.0431181914317165,1.184891725804158,24.20700782312079,0.007048409726054656,-0.0014805828549222522
2025-10-28 04:00:00,139.3541,139.6196,137.1416,137.3088,939300,-0.0141,-0.0142,1.0173,0.0173,-0.0163,-0.0137,0.0422,-0.0164,-0.0138,0.0414,1.0441,-0.0257,0.008,0.0076,0.0077,0,1,139.4791142857143,138.618944,134.22468282828282,46.56946189051678,0.8069145116764957,1.1092962829786255,22.797911389166256,0.0076771922952186015,-0.014050849599614113
2025-10-29 04:00:00,136.8663,137.6628,135.9518,136.5418,1176300,-0.0056,-0.0056,1.0116,0.0116,-0.0311,-0.0086,0.0278,-0.0316,-0.0087,0.0274,1.0441,-0.0311,0.0061,0.0072,0.0077,0,1,138.8526,138.622876,134.29517676767676,43.74659529282342,0.5514738564645825,0.997731797675817,21.704154513313807,0.0075182903280071696,-0.005585949334638407
2025-10-30 04:00:00,137.4956,139.1082,135.529,135.7552,1975600,-0.0058,-0.0058,1.0058,0.0058,-0.0296,-0.017,0.0218,-0.03,-0.0172,0.0216,1.0441,-0.0367,0.006,0.0073,0.0078,0,1,138.2612142857143,138.638612,134.34814646464645,41.001649778381505,0.28230896868925015,0.8546472318785037,20.61958119298626,0.0074979945728086105,-0.005760873227099617
2025-10-31 04:00:00,134.3097,134.3097,132.5791,133.2772,2402100,-0.0183,-0.0184,0.9874,-0.0126,-0.0501,-0.0323,-0.001,-0.0514,-0.0329,-0.001,1.0441,-0.0543,0.007,0.0086,0.0085,0,1,137.25682857142857,138.49032799999998,134.37520606060605,33.8053813754413,-0.12946761254428907,0.6578242629939451,20.374915905452355,0.008356803909498308,-0.018253444435277655
2025-11-03 05:00:00,132.6381,132.8937,130.1897,131.6351,1639100,-0.0123,-0.0124,0.9753,-0.0247,-0.0542,-0.0549,-0.0167,-0.0557,-0.0565,-0.0168,1.0441,-0.0659,0.0073,0.008,0.0088,0,1,136.17940000000002,138.215004,134.3753181818182,30.0424649945285,-0.5816029099489697,0.40993882840536217,21.10956563332855,0.007989602099626595,-0.012320937114525199
2025-11-04 05:00:00,132.5201,132.7757,130.6027,131.2123,2353900,-0.0032,-0.0032,0.9721,-0.0279,-0.0592,-0.0633,-0.0328,-0.061,-0.0654,-0.0334,1.0441,-0.0689,0.0062,0.0075,0.0084,0,1,134.99942857142855,137.90074,134.37907676767676,29.142982362235443,-0.9629396482580717,0.13536313307267542,21.791740380642164,0.007796712304368386,-0.0032119092855932285
2025-11-05 05:00:00,131.7826,132.6872,131.0255,131.7629,2942700,0.0042,0.0042,0.9762,-0.0238,-0.0539,-0.053,-0.0343,-0.0554,-0.0545,-0.0349,1.0441,-0.065,0.0076,0.0079,0.0083,1,0,133.92761428571427,137.658452,134.39795454545452,31.9983534562911,-1.206811569745156,-0.13307180749089087,22.42518836029052,0.007941012767229352,0.004196252942749945
2025-11-06 05:00:00,131.9301,132.9134,131.5958,131.8514,2006100,0.0007,0.0007,0.9769,-0.0231,-0.0397,-0.0554,-0.0259,-0.0406,-0.057,-0.0263,1.0441,-0.0644,0.0076,0.0077,0.0082,1,0,133.1479857142857,137.454316,134.42945151515153,32.469408857792985,-1.3770666470385038,-0.3818707754004135,22.837325797162286,0.007746046110686764,0.0006716609910681903
2025-11-07 05:00:00,132.2644,134.4769,132.1661,134.467,1704600,0.0198,0.0196,0.9963,-0.0037,-0.0152,-0.0458,-0.0184,-0.0153,-0.0469,-0.0185,1.0441,-0.0458,0.0123,0.0094,0.0088,1,0,132.8515857142857,137.32609200000002,134.48904444444443,44.66873633895637,-1.2861124580570902,-0.5627191119317488,22.092508208593433,0.009134030784506449,0.01983748371272509
2025-11-10 05:00:00,134.9587,137.4366,134.7915,136.8073,2210100,0.0174,0.0173,1.0136,0.0136,0.0078,-0.0221,-0.0124,0.0077,-0.0223,-0.0124,1.0441,-0.0292,0.0141,0.0108,0.0091,1,0,133.00188571428572,137.22264800000002,134.56715252525254,52.87220215072527,-1.0135049030652965,-0.6528762701584584,21.239161478542872,0.010033118596512694,0.017404270192686644
2025-11-11 05:00:00,136.7188,137.5055,136.001,137.4465,1691200,0.0047,0.0047,1.0183,0.0183,0.0313,-0.0204,-0.0117,0.0308,-0.0206,-0.0117,1.0441,-0.0247,0.0112,0.0109,0.0091,1,0,133.59750000000003,137.119208,134.6347696969697,54.84152086472331,-0.7373832585211346,-0.6697776678309937,20.478892608547444,0.00973652665746149,0.004672265295784461
2025-11-12 05:00:00,137.5251,138.2429,136.7876,137.9381,1387700,0.0036,0.0036,1.022,0.022,0.0479,-0.0089,0.0009,0.0468,-0.0089,0.0009,1.0441,-0.0212,0.0086,0.0108,0.009,1,0,134.49792857142856,137.068076,134.7154323232323,56.35216227764286,-0.47342945429397787,-0.6305080251235906,20.121240313772034,0.009674732538821713,0.0035766643748658122
2025-11-13 05:00:00,137.5251,137.6628,135.3323,135.4208,2018700,-0.0182,-0.0184,1.0033,0.0033,0.0321,-0.029,-0.0112,0.0316,-0.0295,-0.0113,1.0441,-0.0391,0.0125,0.0117,0.0096,0,1,135.09914285714288,136.975644,134.79382222222222,47.575775741768936,-0.46204308967961083,-0.5968150380347946,18.93232623768145,0.010368711697250677,-0.01824949016986588
2025-11-14 05:00:00,135.647,136.4828,134.2901,134.8112,1664300,-0.0045,-0.0045,0.9988,-0.0012,0.0231,-0.032,-0.0208,0.0229,-0.0325,-0.021,1.0441,-0.0434,0.013,0.0117,0.0095,0,1,135.5346142857143,136.84387999999998,134.85925656565655,45.71884759844337,-0.49648576025606417,-0.5767491824790486,17.879929139182465,0.01033616759631177,-0.004501524138094015
2025-11-17 05:00:00,135.3422,135.9715,134.7424,135.3029,1338400,0.0036,0.0036,1.0025,0.0025,0.0262,-0.0146,-0.0293,0.0258,-0.0147,-0.0298,1.0441,-0.0399,0.0129,0.0113,0.0092,1,0,136.02768571428572,136.746732,134.92906565656565,47.49883961980544,-0.4785888695651579,-0.5571171198962704,16.902703262004838,0.010073381496223307,0.0036473230710800664
2025-11-18 05:00:00,135.4405,136.1288,134.7129,134.7915,1493700,-0.0038,-0.0038,0.9987,-0.0013,0.0024,-0.0128,-0.0374,0.0024,-0.0129,-0.0381,1.0441,-0.0435,0.0109,0.0113,0.0092,0,1,136.07404285714287,136.566984,134.98543232323232,45.81604246979101,-0.4999085264931864,-0.5456754012156536,15.899883725906973,0.010005409741704876,-0.003779667693744826
2025-11-19 05:00:00,134.6342,134.6342,132.3628,132.7954,1318600,-0.0148,-0.0149,0.9839,-0.0161,-0.0293,-0.0218,-0.0461,-0.0298,-0.022,-0.0472,1.0441,-0.0577,0.0092,0.0118,0.0095,0,1,135.5009142857143,136.275532,135.02193232323233,39.87746335400615,-0.670148046576486,-0.5705699302878201,16.154910606624675,0.010343099962567534,-0.014808797290630449
2025-11-20 05:00:00,133.6902,134.8112,133.1297,133.4444,966100,0.0049,0.0049,0.9887,-0.0113,-0.0291,0.0013,-0.0311,-0.0295,0.0013,-0.0316,1.0441,-0.0531,0.0093,0.0109,0.0094,1,0,134.9291857142857,136.0478,135.0822313131313,42.48765925426752,-0.744117493404417,-0.6052794429111394,16.275005187015683,0.010394826620262655,0.004887217478918737
2025-11-21 05:00:00,134.3589,134.8899,133.3756,133.5034,1245300,0.0004,0.0004,0.9891,-0.0109,-0.0321,0.0142,-0.0333,-0.0327,0.0141,-0.0339,1.0441,-0.0527,0.0089,0.0103,0.0094,1,0,134.29565714285715,135.80472799999998,135.1307111111111,42.731073978020525,-0.7888842395698532,-0.6420004022428822,16.331756852349592,0.010366144029004945,0.00044213170429041604
2025-11-24 05:00:00,133.6607,134.1229,132.3628,133.7984,1232600,0.0022,0.0022,0.9913,-0.0087,-0.012,0.0197,-0.0286,-0.0121,0.0195,-0.029,1.0441,-0.0506,0.0068,0.0102,0.0094,1,0,134.06388571428573,135.519568,135.1901515151515,44.00713998446594,-0.7914350037784175,-0.6718873225499893,16.874429753068426,0.010411121234658819,0.002209681551181397
2025-11-25 05:00:00,134.4769,134.8407,132.8741,133.7984,1406300,0.0,0.0,0.9913,-0.0087,-0.0075,0.0154,-0.0394,-0.0075,0.0153,-0.0402,1.0441,-0.0506,0.0067,0.0102,0.0091,0,0,133.9192,135.275708,135.25816464646465,44.00713998446594,-0.7844142634429261,-0.6943927107285767,16.852673701885088,0.010018162086213245,0.0
2025-11-26 05:00:00,134.0541,134.9194,133.6411,134.4965,1048600,0.0052,0.0052,0.9965,-0.0035,-0.006,0.0201,-0.0399,-0.006,0.0199,-0.0407,1.0441,-0.0456,0.0069,0.0102,0.0091,1,0,133.804,135.043252,135.32179898989898,47.23395194591013,-0.7142856006337297,-0.6983712887096074,16.774496154769622,0.01006301897769718,0.005217551181479152
2025-11-28 05:00:00,134.3884,134.9292,134.0737,134.7424,539300,0.0018,0.0018,0.9983,-0.0017,-0.0004,0.002,-0.0316,-0.0004,0.002,-0.0321,1.0441,-0.0439,0.0068,0.0088,0.009,1,0,133.7969857142857,134.865864,135.36584646464647,48.36278417184905,-0.6315855303344051,-0.685014137034567,16.694189409657646,0.01000530640194575,0.0018283003646935025
2025-12-01 05:00:00,133.6706,134.4867,130.9271,131.0451,1374600,-0.0274,-0.0278,0.9709,-0.0291,-0.0132,-0.0421,-0.0611,-0.0133,-0.043,-0.0631,1.0441,-0.0701,0.0115,0.0101,0.0102,0,1,133.54694285714285,134.528784,135.37037979797978,35.91990560720093,-0.8545357826032216,-0.718918466148298,18.089073450893352,0.011029975580976514,-0.027439766547129985
2025-12-02 05:00:00,131.6646,131.6646,129.1375,129.3539,951500,-0.0129,-0.013,0.9584,-0.0416,-0.0307,-0.0589,-0.0821,-0.0311,-0.0607,-0.0857,1.0441,-0.0821,0.0117,0.0101,0.0101,0,1,132.96258571428572,134.132316,135.35516969696968,31.87957376006426,-1.1543841479693242,-0.8060116025125033,19.976393874388148,0.011062874713618222,-0.012905480632240174
2025-12-03 05:00:00,130.17,130.9861,129.1769,130.9566,1575500,0.0124,0.0123,0.9703,-0.0297,-0.0191,-0.0506,-0.0639,-0.0193,-0.0519,-0.066,1.0441,-0.0708,0.0133,0.0109,0.0105,1,0,132.59875714285712,133.878228,135.3640313131313,38.894224618418114,-1.2483019937921256,-0.8944696807684278,21.728905696204745,0.0114290090495582,0.012390040037447703
2025-12-04 05:00:00,130.7403,131.8318,127.5249,129.9537,2210300,-0.0077,-0.0077,0.9628,-0.0372,-0.0287,-0.0404,-0.0738,-0.0292,-0.0412,-0.0767,1.0441,-0.0779,0.0132,0.0102,0.0105,0,1,132.0495142857143,133.614704,135.35409191919192,36.370358233333874,-1.387662106687003,-0.9931081659521428,23.840360099306682,0.011505152750157469,-0.007658262355620171
2025-12-05 05:00:00,129.7275,130.2487,128.9507,129.0392,1580000,-0.007,-0.0071,0.956,-0.044,-0.0356,-0.0428,-0.0728,-0.0362,-0.0438,-0.0756,1.0441,-0.0844,0.0131,0.0102,0.0105,0,1,131.36962857142856,133.346064,135.32998787878788,34.19158874634667,-1.5539851340925566,-1.1052835595802257,25.800996330758483,0.011588151721512183,-0.007037121682568537
2025-12-08 05:00:00,129.4423,129.5013,127.5839,127.8297,1572500,-0.0094,-0.0094,0.9471,-0.0529,-0.0496,-0.0552,-0.0835,-0.0508,-0.0568,-0.0872,1.0441,-0.0929,0.0123,0.0101,0.0105,0,1,130.41722857142855,133.12816400000003,135.26873838383838,31.50358123508019,-1.7630702964861484,-1.2368409069614104,27.986600291697567,0.010622431442557884,-0.009373120726104855
2025-12-09 05:00:00,128.6557,129.285,127.9477,128.0755,1084700,0.0019,0.0019,0.9489,-0.0511,-0.0495,-0.0498,-0.0804,-0.0507,-0.0511,-0.0838,1.0441,-0.0912,0.0123,0.0103,0.0105,1,0,129.46481428571428,132.98578,135.20376363636365,32.66217443261979,-1.8871835115069473,-1.3669094278705178,30.016089683998143,0.009613837433383366,0.0019228708195357935
2025-12-10 05:00:00,127.9182,128.3509,127.3676,127.8199,1935600,-0.002,-0.002,0.947,-0.053,-0.0246,-0.0375,-0.0691,-0.0249,-0.0382,-0.0716,1.0441,-0.093,0.0085,0.0097,0.0103,0,1,129.00407142857142,132.850084,135.1198505050505,32.054987557116974,-1.9833065886712973,-1.4901888600306739,32.05353979156616,0.009438740573350882,-0.001995697850096234
2025-12-11 05:00:00,129.2162,129.5603,128.2722,128.5672,1853000,0.0058,0.0058,0.9525,-0.0475,-0.0061,-0.0365,-0.0584,-0.0061,-0.0372,-0.0602,1.0441,-0.0877,0.008,0.0098,0.0104,1,0,128.89168571428573,132.722256,135.05708383838385,35.81205972868317,-1.9764012321627717,-1.5874313344570936,32.82096477796141,0.009542416111328717,0.005846507468711959
2025-12-12 05:00:00,128.9802,129.9045,127.5249,127.6331,1780100,-0.0073,-0.0073,0.9456,-0.0544,-0.0254,-0.044,-0.0598,-0.0257,-0.045,-0.0617,1.0441,-0.0943,0.0057,0.0098,0.0104,0,1,128.4169,132.553524,134.97650606060606,33.331073627158744,-2.022983061312374,-1.6745416798281498,33.78682562930227,0.008944240295865744,-0.007265461175167687
2025-12-15 05:00:00,128.6401,128.6401,127.1121,127.8067,2868700,0.0014,0.0014,0.9469,-0.0531,-0.0165,-0.0448,-0.041,-0.0167,-0.0458,-0.0419,1.0441,-0.0931,0.0057,0.0098,0.01,1,0,128.1101857142857,132.287112,134.89364242424242,34.242830766012204,-2.022576425332005,-1.744148628928921,34.81998775175418,0.00898558519496395,0.0013601487388459343
2025-12-16 05:00:00,128.2532,128.6501,127.4793,127.6579,1717600,-0.0012,-0.0012,0.9458,-0.0542,-0.0107,-0.0459,-0.0302,-0.0108,-0.047,-0.0307,1.0441,-0.0942,0.0053,0.0098,0.0098,0,1,127.91285714285716,131.921136,134.8297707070707,33.8159416421436,-2.011078617366394,-1.7975346266164156,35.76953776347909,0.008872496431547385,-0.0011642582118152056
2025-12-17 05:00:00,127.9555,127.9952,126.3581,127.8861,2174000,0.0018,0.0018,0.9475,-0.0525,0.0004,-0.0491,-0.0253,0.0004,-0.0504,-0.0257,1.0441,-0.0925,0.0041,0.0096,0.0098,1,0,127.92091428571429,131.53871999999998,134.77066666666667,35.15113813002776,-1.9609480998165054,-1.8302173212564337,37.02428445827803,0.00892947759719895,0.0017875901138904027
2025-12-18 05:00:00,128.5509,129.8606,127.9952,128.8882,3205400,0.0078,0.0078,0.9549,-0.0451,0.0063,-0.0434,-0.0218,0.0063,-0.0444,-0.0221,1.0441,-0.0854,0.005,0.01,0.0098,1,0,128.0370142857143,131.176724,134.73863232323234,40.79920026798811,-1.8193854652709547,-1.828050950059338,36.51603158313702,0.008731783768631558,0.007835878957916487
2025-12-19 05:00:00,128.4219,128.8684,126.5267,126.6458,2828100,-0.0174,-0.0176,0.9383,-0.0617,-0.0092,-0.0336,-0.0395,-0.0092,-0.0341,-0.0403,1.0441,-0.1013,0.0086,0.0083,0.0103,0,1,127.86928571428572,130.825724,134.65409292929291,33.72151978128298,-1.8666217434444263,-1.8357651087363558,36.618202389295206,0.009284215604134824,-0.017398024023921654
2025-12-22 05:00:00,125.7925,127.3801,125.2468,127.3106,1957700,0.0052,0.0052,0.9432,-0.0568,-0.0098,-0.0158,-0.0532,-0.0098,-0.0159,-0.0547,1.0441,-0.0966,0.0085,0.008,0.0096,1,0,127.68977142857143,130.5257,134.57528282828284,37.19978764636209,-1.829325702202084,-1.8344772274295014,37.14379591763104,0.009427417178857938,0.005249285803398118
2025-12-23 05:00:00,127.3106,128.0647,126.8839,127.519,1368400,0.0016,0.0016,0.9448,-0.0552,-0.0009,-0.0263,-0.0679,-0.0009,-0.0266,-0.0703,1.0441,-0.0951,0.0082,0.007,0.0089,1,0,127.67347142857143,130.214344,134.47601414141414,38.293029118316866,-1.7626336390953554,-1.8201085097626724,37.086702134127044,0.009413763226763724,0.0016369414644186175
2025-12-24 05:00:00,127.39,128.144,126.9435,127.7868,887800,0.0021,0.0021,0.9468,-0.0532,-0.0002,-0.0167,-0.0703,-0.0002,-0.0168,-0.0729,1.0441,-0.0932,0.0082,0.0069,0.0088,1,0,127.67062857142857,129.934156,134.39166868686868,39.74463346506254,-1.6689320667001084,-1.7898732211501596,36.969710560701046,0.00945308095058138,0.0021000792038832206
2025-12-26 05:00:00,127.8265,128.2135,127.4693,128.0448,735300,0.002,0.002,0.9487,-0.0513,0.003,-0.0077,-0.0717,0.003,-0.0077,-0.0744,1.0441,-0.0914,0.0082,0.0067,0.0088,1,0,127.72590000000001,129.744132,134.31426464646464,41.180226028600146,-1.5559187884223604,-1.7430823346045998,36.80145908050812,0.009346495587005597,0.002018987876682088
2025-12-29 05:00:00,128.4119,129.1561,128.1143,128.6302,1015500,0.0046,0.0046,0.953,-0.047,0.0058,0.0063,-0.0501,0.0058,0.0062,-0.0514,1.0441,-0.0873,0.0084,0.0063,0.0084,1,0,127.83220000000001,129.55156399999998,134.23203333333333,44.416174491883325,-1.4029457779378447,-1.6750550232712489,35.85129554935693,0.00943176532017535,0.004571837356925013
2025-12-30 05:00:00,128.8882,129.2752,128.5012,128.7691,760200,0.0011,0.0011,0.954,-0.046,-0.0009,0.0054,-0.0448,-0.0009,0.0054,-0.0459,1.0441,-0.0863,0.0078,0.0063,0.0084,1,0,127.81518571428572,129.36219200000002,134.1507121212121,45.1867199190734,-1.2560268007441096,-1.5912493787658213,34.87099044167025,0.0073541086862934976,0.001079839726596088
2025-12-31 05:00:00,128.7295,128.9775,127.9357,127.9754,971100,-0.0062,-0.0062,0.9482,-0.0518,0.0105,0.0012,-0.0542,0.0104,0.0012,-0.0557,1.0441,-0.0919,0.0037,0.0065,0.0084,0,1,128.00512857142857,129.12927200000001,134.06472424242423,41.63493602414364,-1.1899207439599024,-1.5109836518046376,34.259728757779776,0.006913763422684491,-0.006163745805476739
2026-01-02 05:00:00,128.3326,129.9201,127.0526,129.3446,1084600,0.0107,0.0106,0.9583,-0.0417,0.016,0.006,-0.0404,0.0159,0.006,-0.0412,1.0441,-0.0822,0.005,0.007,0.0087,1,0,128.2957,128.95112,133.99286262626262,49.07179101441222,-1.0153439673459559,-1.4118557149129014,32.898099873837495,0.006756202082686551,0.010698931200840311
2026-01-05 05:00:00,128.8783,129.0271,125.6338,127.7968,1276700,-0.012,-0.012,0.9468,-0.0532,0.0022,0.0013,-0.0376,0.0022,0.0013,-0.0384,1.0441,-0.0932,0.0074,0.0075,0.0085,0,1,128.3353857142857,128.683132,133.88960101010102,42.48196984672553,-0.9904676441601623,-1.3275781007623537,32.389972810040526,0.007055240028100183,-0.011966483332122135
2026-01-06 05:00:00,128.154,129.1164,127.7869,129.0271,1292500,0.0096,0.0096,0.956,-0.044,0.0097,0.0095,-0.0331,0.0097,0.0095,-0.0337,1.0441,-0.0844,0.0082,0.0079,0.0087,1,0,128.51257142857145,128.45452,133.81413838383838,48.41217604137929,-0.8615466770583566,-1.2343718160215544,31.842747486516153,0.007262422422310057,0.00962700161506369
2026-01-07 05:00:00,129.6125,129.6125,126.7153,127.261,1088300,-0.0137,-0.0138,0.9429,-0.0571,-0.0061,-0.0031,-0.0468,-0.0061,-0.0031,-0.0479,1.0441,-0.097,0.0099,0.0088,0.009,0,1,128.4006,128.303156,133.73078787878788,41.75667640708263,-0.8916074956873388,-1.1658189519547113,31.860610445798248,0.007611831438031247,-0.0136878221706912
2026-01-08 05:00:00,126.9534,129.6721,126.9534,128.6203,1344300,0.0107,0.0106,0.9529,-0.0471,-0.0001,0.0057,-0.0387,-0.0001,0.0057,-0.0395,1.0441,-0.0873,0.0107,0.0092,0.0092,1,0,128.39918571428572,128.27381200000002,133.67614444444445,47.714554129773994,-0.7965644618987824,-1.0919680539435255,31.82223103329438,0.007982993035418719,0.01068119848186
2026-01-09 05:00:00,129.424,130.5353,128.5905,128.8783,1174300,0.002,0.002,0.9549,-0.0451,0.0008,-0.0001,-0.0368,0.0008,-0.0001,-0.0375,1.0441,-0.0855,0.0108,0.009,0.0092,1,0,128.41478571428573,128.19068000000001,133.6011494949495,48.785403206232985,-0.6924416922707337,-1.0120627816089671,31.00525477679057,0.007974082053957986,0.002005904200192532
2026-01-12 05:00:00,128.3921,129.7217,128.3921,129.295,1048000,0.0032,0.0032,0.9579,-0.0421,0.0103,0.0209,-0.0387,0.0103,0.0207,-0.0394,1.0441,-0.0825,0.0104,0.0075,0.0092,1,0,128.6033,128.164332,133.52287474747473,50.54708640422587,-0.5697319247015002,-0.9235966102274739,30.361514487926407,0.007901960336804563,0.0032332828722911877
2026-01-13 05:00:00,129.2752,131.2894,128.7493,131.1703,1381100,0.0145,0.0144,0.9718,-0.0282,0.0141,0.0303,-0.0265,0.014,0.0299,-0.0269,1.0441,-0.0692,0.011,0.0082,0.0096,1,0,128.86411428571427,128.249576,133.4664,57.613423223883444,-0.31750254071189943,-0.802377796324359,28.485558060351003,0.008292916114240914,0.014504041146216062
2026-01-14 05:00:00,131.3985,133.2142,131.3985,132.9067,2428900,0.0132,0.0132,0.9847,-0.0153,0.04,0.0423,0.0142,0.0392,0.0414,0.0141,1.0441,-0.0569,0.0097,0.0087,0.0086,1,0,129.5941,128.452656,133.43002626262626,62.89963267697529,0.022247575413416598,-0.6374527219768039,27.366038586890852,0.008704932104151897,0.013237752753481491
2026-01-15 05:00:00,133.4821,134.1271,132.5296,133.5615,1279100,0.0049,0.0049,0.9896,-0.0104,0.0351,0.0452,0.0325,0.0345,0.0442,0.032,1.0441,-0.0523,0.0096,0.0088,0.0082,1,0,130.24187142857141,128.672096,133.41524343434344,64.68809873311929,0.34041478804249437,-0.44187921997294427,26.803622115059316,0.008695151382765701,0.00492676441443507
2026-01-16 05:00:00,132.8471,134.9804,132.3014,134.4545,2221900,0.0067,0.0067,0.9962,-0.0038,0.0565,0.0501,0.0267,0.055,0.0488,0.0264,1.0441,-0.0459,0.0049,0.0088,0.008,1,0,131.26951428571428,128.93748,133.41263434343435,67.0228623702636,0.6570481906659325,-0.22209373784516898,26.693119388186478,0.008748813025139732,0.006686058482421986
2026-01-20 05:00:00,133.9286,134.772,132.7876,134.5537,2199300,0.0007,0.0007,0.9969,-0.0031,0.0461,0.0461,0.0354,0.0451,0.045,0.0348,1.0441,-0.0452,0.0054,0.0088,0.0078,1,0,132.11714285714285,129.17694,133.40797272727272,67.28165862990497,0.905548455505766,0.003434700825018011,26.59050971323313,0.008666421841192378,0.0007377960574022069
2026-01-21 05:00:00,135.536,136.429,135.1987,136.0024,2782600,0.0108,0.0107,1.0076,0.0076,0.0553,0.0562,0.054,0.0538,0.0547,0.0526,1.0441,-0.0349,0.0052,0.009,0.0079,1,0,133.13487142857142,129.51171200000002,133.43676363636362,70.87620783478363,1.205488566642316,0.24384547398847764,27.236578848554757,0.007529920836154281,0.010766705040441193
2026-01-22 05:00:00,136.171,136.5679,134.0378,134.137,1792700,-0.0137,-0.0138,0.9938,-0.0062,0.0374,0.0481,0.0493,0.0368,0.047,0.0482,1.0441,-0.0482,0.0097,0.0099,0.0081,0,1,133.82658571428573,129.76492399999998,133.44523434343435,61.506007314147084,1.2779397811607964,0.45066433542294143,26.917726238692733,0.008448999882467959,-0.013715934424686549
2026-01-23 05:00:00,133.9783,133.9783,132.0732,133.2837,1709400,-0.0064,-0.0064,0.9875,-0.0125,0.0161,0.0305,0.0407,0.016,0.03,0.0399,1.0441,-0.0542,0.0096,0.0099,0.0082,0,1,134.1285,129.989956,133.4549393939394,57.7452188986847,1.2520706212403638,0.610945592586426,25.329344784665548,0.008685408746365607,-0.00636140662158835
2026-01-26 05:00:00,134.4843,135.8833,133.9386,134.4743,1332700,0.0089,0.0089,0.9963,-0.0037,0.0118,0.0523,0.0521,0.0117,0.0509,0.0508,1.0441,-0.0458,0.0089,0.0092,0.0083,1,0,134.35244285714288,130.25348400000001,133.47824646464647,61.30081183886904,1.312510788012247,0.7512586316715902,24.76242431310873,0.008812690191557958,0.00893282524419714
2026-01-27 05:00:00,134.395,136.1214,133.9286,135.6154,1018700,0.0085,0.0084,1.0048,0.0048,0.0154,0.0511,0.0548,0.0153,0.0498,0.0534,1.0441,-0.0377,0.0092,0.0091,0.0084,1,0,134.64585714285712,130.522572,133.50401515151515,64.39331552297907,1.435934727357619,0.8881938508087961,24.340049593501796,0.008908716911337168,0.008485636288867004
2026-01-28 05:00:00,135.7741,136.9152,134.8514,135.4963,991100,-0.0009,-0.0009,1.0039,0.0039,0.0077,0.0647,0.0616,0.0077,0.0627,0.0598,1.0441,-0.0385,0.009,0.0078,0.0082,0,1,134.7946857142857,130.876592,133.52670909090907,63.82007298873499,1.5067696117181129,1.0119090029906594,24.29298549620527,0.008938641560624775,-0.0008782188453524409
2026-01-29 05:00:00,136.0421,137.3915,132.9761,133.3929,2344200,-0.0155,-0.0156,0.9883,-0.0117,-0.0086,0.0371,0.0437,-0.0087,0.0364,0.0428,1.0441,-0.0535,0.011,0.0092,0.0088,0,1,134.62885714285716,131.119884,133.54648383838384,54.579080328388486,1.3773032719809635,1.0849878567887203,23.087052343975895,0.009818988012970743,-0.015523671126075
2026-01-30 05:00:00,132.9563,133.3928,131.4779,133.3333,3240700,-0.0004,-0.0004,0.9879,-0.0121,-0.0196,0.0346,0.0445,-0.0198,0.034,0.0435,1.0441,-0.0539,0.0097,0.0093,0.0088,0,1,134.24755714285715,131.352456,133.56201010101012,54.33898598285527,1.2554193502840008,1.1190741554877766,21.688793762526824,0.009656470759504276,-0.00044680039192479537
2026-02-02 05:00:00,133.2341,133.2341,131.1802,131.8946,1630000,-0.0108,-0.0108,0.9772,-0.0228,-0.0167,0.0201,0.0313,-0.0169,0.0199,0.0309,1.0441,-0.0641,0.0092,0.0099,0.0091,0,1,133.92721428571429,131.51676799999998,133.5577818181818,48.762618285986136,1.0308513848486598,1.1014296013599532,20.537176783308087,0.009842730648024866,-0.010790252697563285
2026-02-03 05:00:00,132.1526,135.6551,132.1526,134.6133,1598700,0.0206,0.0204,0.9973,-0.0027,0.01,0.0262,0.0444,0.0099,0.0259,0.0435,1.0441,-0.0448,0.0124,0.0106,0.0097,1,0,134.11715714285714,131.779508,133.56997979797978,57.61445462149939,1.0600365813326675,1.0931509973544962,19.85789563922947,0.010266666485193279,0.020612671026713825
2026-02-04 05:00:00,135.5063,136.4687,134.3851,134.643,1459300,0.0002,0.0002,0.9976,-0.0024,0.0013,0.0131,0.0631,0.0013,0.013,0.0612,1.0441,-0.0446,0.0119,0.0101,0.009,1,0,134.14125714285714,132.02002,133.58168989898988,57.70042765857673,1.073191517822039,1.0891591014480047,19.569202207099558,0.010145040796243877,0.00022063198807242834
2026-02-05 05:00:00,135.2582,136.7564,134.1965,135.0796,2522400,0.0032,0.0032,1.0008,0.0008,-0.004,0.0114,0.061,-0.004,0.0113,0.0592,1.0441,-0.0415,0.0115,0.0101,0.009,1,0,134.06471428571427,132.27244,133.59085757575758,59.016458135208964,1.1060964792559105,1.092546577009586,19.421907017738455,0.009432526636199355,0.0032426490794175145
2026-02-06 05:00:00,136.181,136.6473,133.0456,133.7699,1603600,-0.0097,-0.0097,0.9911,-0.0089,-0.0127,-0.0051,0.049,-0.0128,-0.0051,0.0479,1.0441,-0.0508,0.012,0.0103,0.0093,0,1,133.8180857142857,132.50422,133.61132828282828,53.62653596468785,1.0147941387353683,1.0769960893547426,18.6166946231749,0.009660106514398793,-0.009695764571408194
2026-02-09 05:00:00,133.4821,134.4247,132.986,133.9882,1024400,0.0016,0.0016,0.9927,-0.0073,0.0045,-0.0042,0.0485,0.0045,-0.0042,0.0474,1.0441,-0.0492,0.0104,0.0103,0.0093,1,0,133.90312857142857,132.689964,133.6227808080808,54.37450485414303,0.9491106054074976,1.0514189925652935,17.834839723362485,0.00966047487287925,0.001631906729391286
2026-02-10 05:00:00,134.9308,137.9372,134.3057,136.7664,1285700,0.0207,0.0205,1.0133,0.0133,0.0257,0.0056,0.0681,0.0254,0.0056,0.0659,1.0441,-0.0295,0.0128,0.0114,0.0099,1,0,134.39357142857142,133.048748,133.66229595959598,62.63449153841674,1.1084558644194829,1.0628263669361313,18.55404954784141,0.010532307989550795,0.020734661709016056
2026-02-11 05:00:00,136.806,138.8202,136.0222,138.6218,2332400,0.0136,0.0135,1.027,0.027,0.051,0.0334,0.0777,0.0497,0.0329,0.0748,1.0441,-0.0164,0.0114,0.0111,0.0101,1,0,135.3546,133.432536,133.71498989898993,66.93920087350384,1.3686761572132582,1.1239963249915568,19.51029406212845,0.010479719381056756,0.01356619754559607
2026-02-12 05:00:00,138.9095,141.4198,138.1257,139.8125,1700500,0.0086,0.0086,1.0359,0.0359,0.0386,0.049,0.0858,0.0379,0.0478,0.0823,1.0441,-0.0079,0.0099,0.011,0.0102,1,0,136.09734285714288,133.934596,133.77504343434344,69.37737561478055,1.6519396212857487,1.2295849842503952,21.131265915545985,0.01028624513836129,0.008589558063738734
2026-02-13 05:00:00,139.9811,144.2873,139.9514,143.8111,2008300,0.0286,0.0282,1.0655,0.0655,0.0681,0.0694,0.1237,0.0659,0.0671,0.1167,1.0655,0.0,0.0128,0.0128,0.0111,1,0,137.40707142857144,134.542228,133.8573101010101,75.82509992725475,2.1740208011568996,1.4184721476316962,23.263588795338315,0.011817782699232988,0.028599731783638838
2026-02-17 05:00:00,148.8813,153.4256,142.6899,143.563,2264900,-0.0017,-0.0017,1.0637,0.0637,0.0628,0.0586,0.1099,0.0609,0.057,0.1043,1.0655,-0.0017,0.0133,0.0129,0.011,0,1,138.6189857142857,135.129616,133.92922424242423,74.7731066523369,2.538492143777802,1.6424761468609173,26.44342536379708,0.011858134462349394,-0.0017251797670695401
2026-02-18 05:00:00,143.5134,143.7416,140.9833,141.5091,1115800,-0.0143,-0.0144,1.0484,0.0484,0.0579,0.0444,0.1073,0.0562,0.0434,0.1019,1.0655,-0.016,0.0144,0.0138,0.0111,0,1,139.72458571428572,135.61818,133.9913181818182,66.54242490437525,2.631274054449136,1.840235728378561,28.623404107425024,0.012492698585778181,-0.014306611034876626
2026-02-19 05:00:00,142.0648,145.3589,141.3008,143.9004,1579800,0.0169,0.0168,1.0662,0.0662,0.074,0.0788,0.1153,0.0714,0.0758,0.1091,1.0662,0.0,0.0144,0.0131,0.0114,1,0,141.1406142857143,136.127384,134.06117777777777,70.60008703193034,2.8647393798531766,2.0451364586734844,30.83746698312052,0.012775786722681657,0.016898559880601294
2026-02-20 05:00:00,144.9422,144.9819,142.8089,143.8706,1307600,-0.0002,-0.0002,1.0659,0.0659,0.0519,0.079,0.1305,0.0506,0.0761,0.1227,1.0662,-0.0002,0.0141,0.0131,0.0109,0,1,142.1555,136.56594,134.1152424242424,70.48536488760654,3.0126299979919224,2.238635166537172,32.89338251055205,0.012194774338181561,-0.0002070876800898125
2026-02-23 05:00:00,144.456,145.3688,143.7317,144.714,1549900,0.0059,0.0058,1.0722,0.0722,0.0439,0.0972,0.1251,0.043,0.0928,0.1179,1.0722,0.0,0.0138,0.0122,0.0108,1,0,143.02581428571426,137.01203999999998,134.17226363636362,71.8781616330846,3.1614465221975934,2.4231974376692564,34.851021924742284,0.011974684676405651,0.00586221229354722
2026-02-24 05:00:00,144.5255,145.1605,142.6799,144.9521,1066100,0.0016,0.0016,1.0739,0.0739,0.0368,0.0768,0.1247,0.0361,0.074,0.1175,1.0739,0.0,0.0139,0.0116,0.0108,1,0,143.76004285714285,137.43194400000002,134.24430404040405,72.27591875980713,3.2610065166926745,2.5907592534739403,36.130806689584446,0.011933580872760193,0.0016453142059511539
2026-02-25 05:00:00,145.0612,145.4284,143.0272,144.8826,1406100,-0.0005,-0.0005,1.0734,0.0734,0.0075,0.0761,0.1206,0.0074,0.0733,0.1138,1.0739,-0.0005,0.0093,0.0116,0.0109,0,1,143.91311428571427,137.8451,134.32438282828284,71.95599144858653,3.296302734411711,2.7318679496614946,37.36210868927362,0.011917698990314975,-0.0004794687348441684
2026-02-26 05:00:00,145.0712,146.2618,144.8926,145.4482,1060900,0.0039,0.0039,1.0776,0.0776,0.0131,0.0768,0.1089,0.013,0.074,0.1033,1.0776,0.0,0.0093,0.0116,0.0107,1,0,144.18242857142857,138.22293200000001,134.40292424242423,73.00330697701091,3.3315108510358584,2.8517965299363675,38.641648397239464,0.011875719215298477,0.0039038504278636754
2026-02-27 05:00:00,145.6268,147.2441,144.8628,147.0854,1666500,0.0113,0.0112,1.0897,0.0897,0.0394,0.0995,0.1067,0.0386,0.0949,0.1014,1.0897,0.0,0.0064,0.0108,0.0106,1,0,144.97904285714284,138.740868,134.4806212121212,75.81843920925056,3.451732471171198,2.9717837181833335,39.987411472326684,0.01108762803496421,0.011256241053515748
2026-03-02 05:00:00,146.6587,147.4227,145.6863,146.4999,1277900,-0.004,-0.004,1.0854,0.0854,0.0181,0.0934,0.0969,0.0179,0.0893,0.0925,1.0897,-0.004,0.005,0.0111,0.0107,0,1,145.3504,139.269516,134.54594848484848,72.89110303066062,3.4598806639134523,3.0694031073293573,41.26610762002251,0.011205782200722627,-0.003980680611399889
2026-03-03 05:00:00,144.3171,148.2661,142.9379,146.9564,1950300,0.0031,0.0031,1.0888,0.0888,0.0214,0.0745,0.093,0.0212,0.0719,0.0889,1.0897,-0.0009,0.0048,0.0104,0.0107,1,0,145.79122857142858,139.7688,134.62413030303028,73.74234354991597,3.463251690547253,3.1481728239729367,40.90990549480678,0.010604163228818098,0.0031160430826233654
2026-03-04 05:00:00,146.1825,148.9904,145.736,148.9408,2161100,0.0135,0.0134,1.1035,0.1035,0.0292,0.0744,0.1069,0.0288,0.0718,0.1016,1.1035,0.0,0.0062,0.0104,0.0109,1,0,146.39505714285715,140.301816,134.73735454545456,77.10751029416242,3.5847252676472863,3.2354833127078066,40.749333076751896,0.010180695609795988,0.013503324795653526
2026-03-05 05:00:00,147.3235,148.5637,146.996,147.4822,1986800,-0.0098,-0.0098,1.0927,0.0927,0.0175,0.0549,0.0844,0.0173,0.0534,0.081,1.1035,-0.0098,0.0082,0.011,0.011,0,1,146.7565,140.781252,134.8320707070707,70.00560147429866,3.522689748080097,3.292924599782265,40.600230117129506,0.0106688066687502,-0.009793152715709796
2026-03-06 05:00:00,146.748,149.1392,145.5673,148.9606,1866500,0.01,0.01,1.1036,0.1036,0.0281,0.0358,0.1105,0.0278,0.0352,0.1048,1.1036,0.0,0.0085,0.0087,0.0106,1,0,147.33907142857146,141.40396,134.94549494949496,72.74562944405744,3.551876851005204,3.344715050026853,39.68132126205445,0.010730380544008928,0.010024260554833075
2026-03-09 04:00:00,149.2682,149.5659,146.0336,147.7998,989700,-0.0078,-0.0078,1.095,0.095,0.0162,0.0295,0.1089,0.016,0.0291,0.1034,1.1036,-0.0078,0.0096,0.0091,0.0107,0,1,147.6750142857143,141.98262,135.031501010101,67.52938693016662,3.441667580066081,3.364105556034699,38.955637613126676,0.010601263255497706,-0.007792664637494728
2026-03-10 04:00:00,147.254,148.3455,146.4603,146.6091,890900,-0.0081,-0.0081,1.0862,0.0862,-0.0032,0.036,0.0902,-0.0032,0.0354,0.0864,1.1036,-0.0158,0.0094,0.0083,0.0108,0,1,147.60697142857143,142.5712,135.09743434343434,62.57297588737365,3.221115386822447,3.335507522192249,38.28178851055088,0.010980340698308113,-0.008056167870321818
2026-03-11 04:00:00,146.4305,146.6389,144.962,145.3788,1198800,-0.0084,-0.0084,1.0771,0.0771,-0.0077,0.0103,0.072,-0.0077,0.0102,0.0695,1.1036,-0.024,0.0098,0.0077,0.011,0,1,147.44681428571428,143.00181999999998,135.16047575757577,57.84843635637033,2.913466627023894,3.251099343158578,36.80997009199196,0.01064983905429603,-0.008391702834271486
2026-03-12 04:00:00,145.7161,148.3455,144.4064,146.49,1119200,0.0076,0.0076,1.0853,0.0853,-0.0032,0.0182,0.0811,-0.0032,0.018,0.078,1.1036,-0.0166,0.0103,0.0079,0.011,1,0,147.38018571428572,143.47570000000002,135.23027171717172,60.73229574218743,2.727872110064652,3.1464538965397932,36.036406228499985,0.010423778758773095,0.007643480342388376
2026-03-13 04:00:00,148.0974,148.8912,147.4723,148.405,1114500,0.0131,0.013,1.0995,0.0995,-0.0036,0.0255,0.1125,-0.0036,0.0252,0.1066,1.1036,-0.0037,0.0102,0.0084,0.0106,1,0,147.30364285714288,144.008716,135.30580303030303,65.15657433702769,2.704139971591559,3.057991111550147,35.49557635908027,0.010601169084072735,0.013072564680182808
2026-03-16 04:00:00,149.0,149.73,148.35,149.26,1042000,0.0058,0.0057,1.1059,0.1059,0.0121,0.0297,0.1195,0.012,0.0293,0.1128,1.1059,0.0,0.0095,0.0085,0.0106,1,0,147.55761428571427,144.62832,135.4004,66.94717037737186,2.7229351340802452,2.9909799160561663,35.26235883060615,0.00877592469629377,0.005761261413025132
2026-03-17 04:00:00,149.56,150.69,149.31,149.34,1015700,0.0005,0.0005,1.1065,0.1065,0.0025,0.0308,0.1323,0.0025,0.0303,0.1242,1.1065,0.0,0.0087,0.0085,0.0102,1,0,147.61181428571427,145.242392,135.49163333333334,67.11744537354102,2.7130118552998113,2.9353863039048953,35.34073897071028,0.008741291998555854,0.000535977488945516
2026-03-18 04:00:00,148.98,148.99,146.99,147.01,1210800,-0.0156,-0.0157,1.0892,0.0892,-0.0053,0.0107,0.0921,-0.0054,0.0107,0.0881,1.1065,-0.0156,0.0103,0.0097,0.0104,0,1,147.4989857142857,145.652136,135.57075353535353,57.781067647071275,2.4884507467932337,2.845999192482563,34.08042061013298,0.008872375110792365,-0.015601982054372687
2026-03-19 04:00:00,147.32,148.45,145.54,147.14,1050200,0.0009,0.0009,1.0902,0.0902,0.0036,0.0004,0.0928,0.0036,0.0004,0.0888,1.1065,-0.0147,0.0098,0.0092,0.0104,1,0,147.57482857142855,145.992864,135.6482070707071,58.13101886006601,2.29452451366933,2.7357042567199166,32.20098414584989,0.008144702483968392,0.0008842935854702638
2026-03-20 04:00:00,147.41,147.42,141.42,141.57,2498600,-0.0379,-0.0386,1.0489,0.0489,-0.0262,-0.0337,0.048,-0.0265,-0.0342,0.0469,1.1065,-0.052,0.0175,0.0137,0.0128,0,1,147.03071428571428,146.063164,135.67148383838384,42.04868157482773,1.6721090943993886,2.5229852242558115,30.925298444685062,0.011940027728527076,-0.03785510398260161
2026-03-23 04:00:00,143.13,143.58,142.03,142.29,1448500,0.0051,0.0051,1.0542,0.0542,-0.0287,-0.0318,0.0637,-0.0291,-0.0323,0.0617,1.1065,-0.0472,0.0173,0.0138,0.0126,1,0,146.43071428571426,146.00232,135.72179898989899,44.197772313518286,1.2228422092802305,2.2629566212606953,29.740733150746298,0.011918685787037845,0.005085823267641398
2026-03-24 04:00:00,141.82,144.77,141.82,143.32,781600,0.0072,0.0072,1.0619,0.0619,-0.0343,-0.0377,0.0696,-0.0349,-0.0385,0.0673,1.1065,-0.0403,0.0165,0.0133,0.0126,1,0,145.7042857142857,145.99259999999998,135.79026565656565,47.21357611499562,0.9390822028845207,1.9981817375854605,28.115584791985953,0.012043461736701597,0.007238737789022398
2026-03-25 04:00:00,144.63,145.25,143.37,143.45,1020900,0.0009,0.0009,1.0628,0.0628,-0.0389,-0.0273,0.0489,-0.0397,-0.0277,0.0477,1.1065,-0.0394,0.016,0.0132,0.0122,1,0,144.8742857142857,146.070236,135.8679909090909,47.598509869430075,0.7164316884390871,1.7418317277561859,26.398850861247816,0.012047553426478822,0.0009070611219648139
2026-03-26 04:00:00,142.46,144.96,142.46,144.39,996100,0.0066,0.0065,1.0698,0.0698,-0.0331,-0.0307,0.0416,-0.0337,-0.0312,0.0408,1.1065,-0.0331,0.0166,0.013,0.012,1,0,144.16714285714284,146.08982,135.98024141414143,50.41423316080487,0.6088116934924699,1.5152277209034428,25.164878564871824,0.012112059053470726,0.006552805855698729
2026-03-27 04:00:00,144.45,145.79,143.84,144.47,1014000,0.0006,0.0006,1.0704,0.0704,-0.0173,-0.0225,0.0333,-0.0174,-0.0228,0.0328,1.1065,-0.0326,0.0159,0.0129,0.0119,1,0,143.8042857142857,146.113796,136.10988686868689,50.6572389390643,0.5239377750186804,1.3169697317264903,23.636362988780125,0.011807472105628157,0.000554054989957864
2026-03-30 04:00:00,146.58,147.18,145.32,146.06,943900,0.011,0.0109,1.0822,0.0822,-0.0073,-0.0037,0.0156,-0.0074,-0.0038,0.0155,1.1065,-0.022,0.0167,0.0132,0.0109,1,0,143.65,146.16763600000002,136.25986363636363,55.34164084845541,0.5783079212284576,1.1692373696268838,22.281983802088558,0.012069595640482413,0.011005745137398826
2026-03-31 04:00:00,146.72,146.75,144.37,146.22,978600,0.0011,0.0011,1.0833,0.0833,0.0328,0.0058,0.0185,0.0323,0.0058,0.0183,1.1065,-0.0209,0.004,0.013,0.0109,1,0,144.31428571428572,146.21835199999998,136.40589494949495,55.79641496283068,0.6270787432306975,1.0608056443476466,20.778839410813777,0.012049873087613868,0.0010954402300424881
2026-04-01 04:00:00,145.21,147.33,145.21,147.12,692100,0.0062,0.0061,1.09,0.09,0.0339,0.0043,0.0397,0.0334,0.0043,0.0389,1.1065,-0.0149,0.004,0.0129,0.0106,1,0,145.00428571428571,146.307848,136.56012323232324,58.36480394884298,0.7299381765004966,0.9946321507782165,19.46517059764506,0.011718116282718344,0.006155108740254489
2026-04-02 04:00:00,147.61,148.77,147.12,148.04,879200,0.0063,0.0062,1.0968,0.0968,0.0329,-0.0025,0.0288,0.0324,-0.0025,0.0284,1.1065,-0.0087,0.0039,0.0125,0.0102,1,0,145.67857142857142,146.41152,136.69722424242426,60.867840122538986,0.8755979811819259,0.9708253168589585,18.854595114638276,0.011600601252104582,0.006253398586188119
